Index,Current URL,Title,Doc ID
0,https://ssc.wisc.edu/sscc/about.htm,SSCC History and Governance,
1,https://ssc.wisc.edu/sscc/about/home.htm,About the SSCC,
2,https://ssc.wisc.edu/sscc/about/join.htm,Joining the SSCC,
3,https://ssc.wisc.edu/sscc/about/services.htm,SSCC Services,
4,https://ssc.wisc.edu/sscc/about/training.htm,SSCC Training,
5,https://ssc.wisc.edu/sscc/accounts/home.htm,SSCC Accounts,
6,https://ssc.wisc.edu/sscc/accounts/new.htm,The Social Science Computing Cooperative,
7,https://ssc.wisc.edu/sscc/accounts/socscidiv.htm,The Social Science Computing Cooperative,
8,https://ssc.wisc.edu/sscc/agencies.htm,SSCC Member Agencies,
9,https://ssc.wisc.edu/sscc/helpdesk.htm,SSCC Help Desk,
10,https://ssc.wisc.edu/sscc/index.htm,SSCC - Home,
11,https://ssc.wisc.edu/sscc/infrastructure/computer.htm,SSCC Computers,
12,https://ssc.wisc.edu/sscc/infrastructure/docscan.htm,Document Scanning,
13,https://ssc.wisc.edu/sscc/infrastructure/emerg.htm,Reporting Computer and Network Failures After-hours,
14,https://ssc.wisc.edu/sscc/infrastructure/home.htm,SSCC Infrastructure,
15,https://ssc.wisc.edu/sscc/infrastructure/labs.htm,SSCC Computer Labs,
16,https://ssc.wisc.edu/sscc/infrastructure/sensitive.htm,Sensitive Data Facilities,
17,https://ssc.wisc.edu/sscc/instruction/home.htm,Instructional Support at the SSCC,
18,https://ssc.wisc.edu/sscc/instruction/labusers.htm,Information for SSCC Instructional Lab Users,
19,https://ssc.wisc.edu/sscc/news/silo_expansion.htm,Silo Expansion for SMPH,
20,https://ssc.wisc.edu/sscc/nonmember_statconsult.htm,Statistical Consulting for Researchers Who are Not Members of the SSCC,
21,https://ssc.wisc.edu/sscc/policies/backup.htm,SSCC Data Integrity,
22,https://ssc.wisc.edu/sscc/policies/desktopsupp.htm,SSCC Computer Support Policy,
23,https://ssc.wisc.edu/sscc/policies/home.htm,SSCC Policies,
24,https://ssc.wisc.edu/sscc/policies/inbox.htm,E-mail Storage Limitations,
25,https://ssc.wisc.edu/sscc/policies/legitemail.htm,Identifying Legitimate SSCC Email,
26,https://ssc.wisc.edu/sscc/policies/library.htm,Support for the Campus Software Library,
27,https://ssc.wisc.edu/sscc/policies/password.htm,Password Policy,
28,https://ssc.wisc.edu/sscc/policies/printing.htm,SSCC Printing Policy,
29,https://ssc.wisc.edu/sscc/policies/reset.htm,Resetting Passwords,
30,https://ssc.wisc.edu/sscc/policies/server_usage.htm,Server Usage Policy,
31,https://ssc.wisc.edu/sscc/policies/softsup.htm,SSCC Software Support Policy,
32,https://ssc.wisc.edu/sscc/policies/usage.htm,SSCC Usage Policy,
33,https://ssc.wisc.edu/sscc/policies/webpublish.htm,Web Publishing Policy,
34,https://ssc.wisc.edu/sscc/policies/winstat_session_limits.htm,Winstat Session Limits,
35,https://ssc.wisc.edu/sscc/pubs/1-11.htm,Using SFTP ,102636
36,https://ssc.wisc.edu/sscc/pubs/1-13.htm,Connecting to SSCC Computers Using a WinTerm,102637
37,https://ssc.wisc.edu/sscc/pubs/1-14.htm,Virus Protection at the SSCC,102638
38,https://ssc.wisc.edu/sscc/pubs/1-15.htm,How to Change Your SSCC Passwords,102639
39,https://ssc.wisc.edu/sscc/pubs/1-21.htm,Getting SSCC Announcements via RSS,102640
40,https://ssc.wisc.edu/sscc/pubs/1-4.htm,Publishing a Web Site on the SSCC's Web Server,102641
41,https://ssc.wisc.edu/sscc/pubs/4-11.htm,Using Compressed Data in SAS,
42,https://ssc.wisc.edu/sscc/pubs/4-12.htm,Creating SAS Transport Files,
43,https://ssc.wisc.edu/sscc/pubs/4-13.htm,Programming in Color,
44,https://ssc.wisc.edu/sscc/pubs/4-16.htm,Finding and Installing User-Written Stata Programs,
45,https://ssc.wisc.edu/sscc/pubs/4-17.htm,Using Stat/Transfer,
46,https://ssc.wisc.edu/sscc/pubs/4-18.htm,An Introduction to SAS Data Steps,
47,https://ssc.wisc.edu/sscc/pubs/4-19.htm,Storing SAS Formats,
48,https://ssc.wisc.edu/sscc/pubs/4-20.htm,Saving SAS Graphs For Printing or Other Uses,
49,https://ssc.wisc.edu/sscc/pubs/4-21.htm,A Simple Procedure for Producing Publication-Quality Graphs using SAS,
50,https://ssc.wisc.edu/sscc/pubs/4-22.htm,Making Predictions with Counter-Factual Data in Stata,
51,https://ssc.wisc.edu/sscc/pubs/4-23.htm,Using Stata Graphs in Documents ,
52,https://ssc.wisc.edu/sscc/pubs/4-24.htm,An Introduction to Stata Graphics,
53,https://ssc.wisc.edu/sscc/pubs/4-25.htm,Including Calculated Results In Stata Graphs ,
54,https://ssc.wisc.edu/sscc/pubs/4-26.htm,An Introduction to Mata ,
55,https://ssc.wisc.edu/sscc/pubs/4-27.htm,Bootstrapping in Stata ,
56,https://ssc.wisc.edu/sscc/pubs/4-28.htm, Using Reshape to Manage Hierarchical Data,
57,https://ssc.wisc.edu/sscc/pubs/4-8.htm,Redirecting and Customizing Tabular Output in SAS,
58,https://ssc.wisc.edu/sscc/pubs/5-12.htm,Keeping Your PC Secure,102642
59,https://ssc.wisc.edu/sscc/pubs/5-13.htm,Writing a CD Using Ahead Nero,102643
60,https://ssc.wisc.edu/sscc/pubs/5-15.htm,Printing on Special Paper,102644
61,https://ssc.wisc.edu/sscc/pubs/5-17.htm,Creating Web Pages Using Dreamweaver,102645
62,https://ssc.wisc.edu/sscc/pubs/5-2.htm,Connecting to SSCC Linux Computers using X-Win32,102646
63,https://ssc.wisc.edu/sscc/pubs/5-22.htm,Cleaning Out Your Email,102647
64,https://ssc.wisc.edu/sscc/pubs/5-24.htm,Setting Up Network Printers in Windows,102648
65,https://ssc.wisc.edu/sscc/pubs/5-26.htm,Mapping a Drive to a Network Share in Windows, 96155
66,https://ssc.wisc.edu/sscc/pubs/5-29.htm,Formatting Your Dissertation in Word,102650
67,https://ssc.wisc.edu/sscc/pubs/5-31.htm,Removing Hidden Data from Documents ,102651
68,https://ssc.wisc.edu/sscc/pubs/5-35.htm,Transferring Files Using SecureFX,102652
69,https://ssc.wisc.edu/sscc/pubs/7-1.htm,An Introduction to Condor,
70,https://ssc.wisc.edu/sscc/pubs/7-10.htm,Using Emacs,
71,https://ssc.wisc.edu/sscc/pubs/7-12.htm,Using Stata on Linux,
72,https://ssc.wisc.edu/sscc/pubs/7-20.htm,Limiting Access to a Web Page,102653
73,https://ssc.wisc.edu/sscc/pubs/7-23.htm,Forwarding Your Email to Another Address,102654
74,https://ssc.wisc.edu/sscc/pubs/7-27.htm,Running OpenOffice on Linux,102655
75,https://ssc.wisc.edu/sscc/pubs/7-28.htm,Printing from Linux,102656
76,https://ssc.wisc.edu/sscc/pubs/7-4.htm,Running SAS on Linux,
77,https://ssc.wisc.edu/sscc/pubs/7-8.htm,Using Compressed Data in Linux,
78,https://ssc.wisc.edu/sscc/pubs/DWE/book/0-1-organization-of-the-book-and-chapters.html,0.1 Organization of the book and chapters | Data Wrangling Essentials,
79,https://ssc.wisc.edu/sscc/pubs/DWE/book/0-2-who-will-benefit-from-this-book.html,0.2 Who will benefit from this book | Data Wrangling Essentials,
80,https://ssc.wisc.edu/sscc/pubs/DWE/book/0-3-materials-for-this-book.html,0.3 Materials for this book | Data Wrangling Essentials,
81,https://ssc.wisc.edu/sscc/pubs/DWE/book/1-1-programming-basics.html,1.1 Programming basics | Data Wrangling Essentials,
82,https://ssc.wisc.edu/sscc/pubs/DWE/book/1-2-functions-packges-and-getting-help.html,"1.2 Functions, Packges, and Getting help | Data Wrangling Essentials",
83,https://ssc.wisc.edu/sscc/pubs/DWE/book/1-programming.html,1 Programming | Data Wrangling Essentials,
84,https://ssc.wisc.edu/sscc/pubs/DWE/book/2-1-data-frames-1.html,2.1 Data frames | Data Wrangling Essentials,
85,https://ssc.wisc.edu/sscc/pubs/DWE/book/2-2-prgm-read-csv.html,2.2 Reading csv files and other delimited data | Data Wrangling Essentials,
86,https://ssc.wisc.edu/sscc/pubs/DWE/book/2-3-prgm-read-csv-advnc.html,2.3 More challenging csv and delimited files | Data Wrangling Essentials,
87,https://ssc.wisc.edu/sscc/pubs/DWE/book/2-data-frames.html,2 Data frames | Data Wrangling Essentials,
88,https://ssc.wisc.edu/sscc/pubs/DWE/book/3-1-preparatory-exercises.html,3.1 Preparatory exercises | Data Wrangling Essentials,
89,https://ssc.wisc.edu/sscc/pubs/DWE/book/3-2-relationships-between-two-continuous-variables.html,3.2 Relationships between two continuous variables | Data Wrangling Essentials,
90,https://ssc.wisc.edu/sscc/pubs/DWE/book/3-3-sect-ggplot-categorical.html,3.3 Relationships between continuous and categorical variables | Data Wrangling Essentials,
91,https://ssc.wisc.edu/sscc/pubs/DWE/book/3-4-sect-ggplot-multiple-var.html,3.4 Relationships between more than two variables | Data Wrangling Essentials,
92,https://ssc.wisc.edu/sscc/pubs/DWE/book/3-visual-exploration-of-data.html,3 Visual Exploration of data | Data Wrangling Essentials,
93,https://ssc.wisc.edu/sscc/pubs/DWE/book/4-1-preparatory-exercises-1.html,4.1 Preparatory exercises | Data Wrangling Essentials,
94,https://ssc.wisc.edu/sscc/pubs/DWE/book/4-2-naming-variables.html,4.2 Naming variables | Data Wrangling Essentials,
95,https://ssc.wisc.edu/sscc/pubs/DWE/book/4-3-copying-data-sets.html,4.3 Copying data sets | Data Wrangling Essentials,
96,https://ssc.wisc.edu/sscc/pubs/DWE/book/4-4-dropping-unneeded-variables.html,4.4 Dropping unneeded variables | Data Wrangling Essentials,
97,https://ssc.wisc.edu/sscc/pubs/DWE/book/4-5-sec-drop-obs.html,4.5 Dropping unneeded observations | Data Wrangling Essentials,
98,https://ssc.wisc.edu/sscc/pubs/DWE/book/4-6-subsets-of-a-data-frame.html,4.6 Subsets of a data frame | Data Wrangling Essentials,
99,https://ssc.wisc.edu/sscc/pubs/DWE/book/4-7-coding-missing-values.html,4.7 Coding missing values | Data Wrangling Essentials,
100,https://ssc.wisc.edu/sscc/pubs/DWE/book/4-8-coding-missing-values-part-2.html,4.8 Coding missing values - part 2 | Data Wrangling Essentials,
101,https://ssc.wisc.edu/sscc/pubs/DWE/book/4-9-duplicate-observations.html,4.9 Duplicate observations | Data Wrangling Essentials,
102,https://ssc.wisc.edu/sscc/pubs/DWE/book/4-cleaning.html,4 Cleaning | Data Wrangling Essentials,
103,https://ssc.wisc.edu/sscc/pubs/DWE/book/5-1-preparatory-exercises-2.html,5.1 Preparatory exercises | Data Wrangling Essentials,
104,https://ssc.wisc.edu/sscc/pubs/DWE/book/5-2-character-variables.html,5.2 Character variables | Data Wrangling Essentials,
105,https://ssc.wisc.edu/sscc/pubs/DWE/book/5-3-numeric-variables.html,5.3 Numeric variables | Data Wrangling Essentials,
106,https://ssc.wisc.edu/sscc/pubs/DWE/book/5-4-factors-and-indicators.html,5.4 Factors and Indicators | Data Wrangling Essentials,
107,https://ssc.wisc.edu/sscc/pubs/DWE/book/5-5-date-and-time-variables.html,5.5 Date and time variables | Data Wrangling Essentials,
108,https://ssc.wisc.edu/sscc/pubs/DWE/book/5-6-related-observations.html,5.6 Related observations | Data Wrangling Essentials,
109,https://ssc.wisc.edu/sscc/pubs/DWE/book/5-7-relationships-between-columns.html,5.7 Relationships between columns | Data Wrangling Essentials,
110,https://ssc.wisc.edu/sscc/pubs/DWE/book/5-transforming-variables.html,5 Transforming variables | Data Wrangling Essentials,
111,https://ssc.wisc.edu/sscc/pubs/DWE/book/6-1-preparatory-exercises-3.html,6.1 Preparatory exercises | Data Wrangling Essentials,
112,https://ssc.wisc.edu/sscc/pubs/DWE/book/6-2-tidy-data.html,6.2 Tidy data | Data Wrangling Essentials,
113,https://ssc.wisc.edu/sscc/pubs/DWE/book/6-3-aggregating-data.html,6.3 Aggregating data | Data Wrangling Essentials,
114,https://ssc.wisc.edu/sscc/pubs/DWE/book/6-4-combining-data-sets.html,6.4 Combining data sets | Data Wrangling Essentials,
115,https://ssc.wisc.edu/sscc/pubs/DWE/book/6-transforming-data-frames.html,6 Transforming data frames | Data Wrangling Essentials,
116,https://ssc.wisc.edu/sscc/pubs/DWE/book/7-programming-index.html,7 Programming index | Data Wrangling Essentials,
117,https://ssc.wisc.edu/sscc/pubs/DWE/book/preface.html,Data Wrangling Essentials,
118,https://ssc.wisc.edu/sscc/pubs/DWE/solutions_Python/1-1-programming-basics.html,1.1 Programming basics | Data Wrangling Essentials - Exercise Solutions in Python,
119,https://ssc.wisc.edu/sscc/pubs/DWE/solutions_Python/1-2-functions-packges-and-getting-help.html,"1.2 Functions, Packges, and Getting help | Data Wrangling Essentials - Exercise Solutions in Python",
120,https://ssc.wisc.edu/sscc/pubs/DWE/solutions_Python/1-programming.html,1 Programming | Data Wrangling Essentials - Exercise Solutions in Python,
121,https://ssc.wisc.edu/sscc/pubs/DWE/solutions_Python/2-1-data-frames-1.html,2.1 Data frames | Data Wrangling Essentials - Exercise Solutions in Python,
122,https://ssc.wisc.edu/sscc/pubs/DWE/solutions_Python/2-2-reading-csv-files-and-other-delimited-data.html,2.2 Reading csv files and other delimited data | Data Wrangling Essentials - Exercise Solutions in Python,
123,https://ssc.wisc.edu/sscc/pubs/DWE/solutions_Python/2-3-more-challenging-csv-and-deliminated-files.html,2.3 More challenging csv and deliminated files | Data Wrangling Essentials - Exercise Solutions in Python,
124,https://ssc.wisc.edu/sscc/pubs/DWE/solutions_Python/2-data-frames.html,2 Data frames | Data Wrangling Essentials - Exercise Solutions in Python,
125,https://ssc.wisc.edu/sscc/pubs/DWE/solutions_Python/3-1-preparatory-exercises.html,3.1 Preparatory exercises | Data Wrangling Essentials - Exercise Solutions in Python,
126,https://ssc.wisc.edu/sscc/pubs/DWE/solutions_Python/3-2-relationship-between-two-continuous-variables.html,3.2 Relationship between two continuous variables | Data Wrangling Essentials - Exercise Solutions in Python,
127,https://ssc.wisc.edu/sscc/pubs/DWE/solutions_Python/3-3-relationships-between-continuous-and-categorical-variables.html,3.3 Relationships between continuous and categorical variables | Data Wrangling Essentials - Exercise Solutions in Python,
128,https://ssc.wisc.edu/sscc/pubs/DWE/solutions_Python/3-4-relationship-between-more-than-two-variables.html,3.4 Relationship between more than two variables | Data Wrangling Essentials - Exercise Solutions in Python,
129,https://ssc.wisc.edu/sscc/pubs/DWE/solutions_Python/3-visual-exploration-of-data.html,3 Visual Exploration of data | Data Wrangling Essentials - Exercise Solutions in Python,
130,https://ssc.wisc.edu/sscc/pubs/DWE/solutions_Python/4-1-preparatory-exercises-1.html,4.1 Preparatory exercises | Data Wrangling Essentials - Exercise Solutions in Python,
131,https://ssc.wisc.edu/sscc/pubs/DWE/solutions_Python/4-2-naming-variables.html,4.2 Naming variables | Data Wrangling Essentials - Exercise Solutions in Python,
132,https://ssc.wisc.edu/sscc/pubs/DWE/solutions_Python/4-3-copying-data-sets.html,4.3 Copying data sets | Data Wrangling Essentials - Exercise Solutions in Python,
133,https://ssc.wisc.edu/sscc/pubs/DWE/solutions_Python/4-4-dropping-unneeded-variables.html,4.4 Dropping unneeded variables | Data Wrangling Essentials - Exercise Solutions in Python,
134,https://ssc.wisc.edu/sscc/pubs/DWE/solutions_Python/4-5-dropping-unneeded-observations.html,4.5 Dropping unneeded observations | Data Wrangling Essentials - Exercise Solutions in Python,
135,https://ssc.wisc.edu/sscc/pubs/DWE/solutions_Python/4-6-subsets-of-a-data-frame.html,4.6 Subsets of a data frame | Data Wrangling Essentials - Exercise Solutions in Python,
136,https://ssc.wisc.edu/sscc/pubs/DWE/solutions_Python/4-7-coding-missing-values.html,4.7 Coding missing values | Data Wrangling Essentials - Exercise Solutions in Python,
137,https://ssc.wisc.edu/sscc/pubs/DWE/solutions_Python/4-8-coding-missing-values-part-2.html,4.8 Coding missing values - part 2 | Data Wrangling Essentials - Exercise Solutions in Python,
138,https://ssc.wisc.edu/sscc/pubs/DWE/solutions_Python/4-9-duplicate-observations.html,4.9 Duplicate observations | Data Wrangling Essentials - Exercise Solutions in Python,
139,https://ssc.wisc.edu/sscc/pubs/DWE/solutions_Python/4-cleaning.html,4 Cleaning | Data Wrangling Essentials - Exercise Solutions in Python,
140,https://ssc.wisc.edu/sscc/pubs/DWE/solutions_Python/5-1-preparatory-exercises-2.html,5.1 Preparatory exercises | Data Wrangling Essentials - Exercise Solutions in Python,
141,https://ssc.wisc.edu/sscc/pubs/DWE/solutions_Python/5-2-character-variables.html,5.2 Character variables | Data Wrangling Essentials - Exercise Solutions in Python,
142,https://ssc.wisc.edu/sscc/pubs/DWE/solutions_Python/5-3-numeric-variables.html,5.3 Numeric variables | Data Wrangling Essentials - Exercise Solutions in Python,
143,https://ssc.wisc.edu/sscc/pubs/DWE/solutions_Python/5-4-factors-and-indicators.html,5.4 Factors and Indicators | Data Wrangling Essentials - Exercise Solutions in Python,
144,https://ssc.wisc.edu/sscc/pubs/DWE/solutions_Python/5-5-date-and-time-variables.html,5.5 Date and time variables | Data Wrangling Essentials - Exercise Solutions in Python,
145,https://ssc.wisc.edu/sscc/pubs/DWE/solutions_Python/5-6-related-observations.html,5.6 Related observations | Data Wrangling Essentials - Exercise Solutions in Python,
146,https://ssc.wisc.edu/sscc/pubs/DWE/solutions_Python/5-7-relationships-between-columns.html,5.7 Relationships between columns | Data Wrangling Essentials - Exercise Solutions in Python,
147,https://ssc.wisc.edu/sscc/pubs/DWE/solutions_Python/5-transforming-variables.html,5 Transforming variables | Data Wrangling Essentials - Exercise Solutions in Python,
148,https://ssc.wisc.edu/sscc/pubs/DWE/solutions_Python/6-1-preparatory-exercises-3.html,6.1 Preparatory exercises | Data Wrangling Essentials - Exercise Solutions in Python,
149,https://ssc.wisc.edu/sscc/pubs/DWE/solutions_Python/6-2-tidy-data.html,6.2 Tidy data | Data Wrangling Essentials - Exercise Solutions in Python,
150,https://ssc.wisc.edu/sscc/pubs/DWE/solutions_Python/6-3-aggregating-data.html,6.3 Aggregating data | Data Wrangling Essentials - Exercise Solutions in Python,
151,https://ssc.wisc.edu/sscc/pubs/DWE/solutions_Python/6-transforming-variables-1.html,6 Transforming variables | Data Wrangling Essentials - Exercise Solutions in Python,
152,https://ssc.wisc.edu/sscc/pubs/DWE/solutions_Python/preface.html,Data Wrangling Essentials - Exercise Solutions in Python,
153,https://ssc.wisc.edu/sscc/pubs/GitBrief/GitBriefIntro.html,Git - Brief Introduction,
154,https://ssc.wisc.edu/sscc/pubs/MM/MM_DiagInfer.html,Mixed Models: Diagnostics and Inference,
155,https://ssc.wisc.edu/sscc/pubs/MM/MM_DiagInfer_Sol.html,Mixed Models: Diagnostics and Inference solutions,
156,https://ssc.wisc.edu/sscc/pubs/MM/MM_Introduction.html,Mixed Models: Introduction,
157,https://ssc.wisc.edu/sscc/pubs/MM/MM_Models.html,Mixed Models: Models,
158,https://ssc.wisc.edu/sscc/pubs/MM/MM_Models_Sol.html,Mixed Models: Models solutions,
159,https://ssc.wisc.edu/sscc/pubs/MM/MM_MultRand.html,Mixed Models: Multiple Random Parameters,
160,https://ssc.wisc.edu/sscc/pubs/MM/MM_TestEffects.html,Mixed Models: Testing Significance of Effects,
161,https://ssc.wisc.edu/sscc/pubs/MM/MM_TestEffects_Sol.html,Mixed Models: Testing Significance of Effects solutions,
162,https://ssc.wisc.edu/sscc/pubs/RBrief/R_BriefIntro.html,R - A Brief Introduction,
163,https://ssc.wisc.edu/sscc/pubs/RBrief/R_BriefIntroReg.html,R - A Brief Introduction to Regression,
164,https://ssc.wisc.edu/sscc/pubs/RFR/RFR_DataExpl.html,R for Researchers: Data exploration,
165,https://ssc.wisc.edu/sscc/pubs/RFR/RFR_DataExpl_Sol.html,R for Researchers: Data exploration solutions,
166,https://ssc.wisc.edu/sscc/pubs/RFR/RFR_DataPrep.html,R for Researchers: Data preparation,
167,https://ssc.wisc.edu/sscc/pubs/RFR/RFR_DataPrep_Sol.html,R for Researchers: Data preparation solutions,
168,https://ssc.wisc.edu/sscc/pubs/RFR/RFR_DataPres.html,R for researchers: Data presentation,
169,https://ssc.wisc.edu/sscc/pubs/RFR/RFR_DataPres_SalDoc.html,R for researchers: Final SalDoc,
170,https://ssc.wisc.edu/sscc/pubs/RFR/RFR_Diagnostics.html,R for researchers: Diagnostics,
171,https://ssc.wisc.edu/sscc/pubs/RFR/RFR_Diagnostics_Sol.html,R for Researchers: Diagnostic solutions,
172,https://ssc.wisc.edu/sscc/pubs/RFR/RFR_Introduction.html,R for Researchers: Introduction,
173,https://ssc.wisc.edu/sscc/pubs/RFR/RFR_Projects.html,R for Researchers: Projects,
174,https://ssc.wisc.edu/sscc/pubs/RFR/RFR_RMarkdown.html,R for Researchers: R Markdown,
175,https://ssc.wisc.edu/sscc/pubs/RFR/RFR_RMarkdown_Sol.html,R for Researchers: R Markdown solutions,
176,https://ssc.wisc.edu/sscc/pubs/RFR/RFR_RScript.html,R for Researchers: R Scripts,
177,https://ssc.wisc.edu/sscc/pubs/RFR/RFR_RScript_Sol.html,R for Researchers: R Scripts solutions,
178,https://ssc.wisc.edu/sscc/pubs/RFR/RFR_RegInference.html,R for researchers: Regression inference,
179,https://ssc.wisc.edu/sscc/pubs/RFR/RFR_RegInference_Sol.html,R for Researchers: Regression inference solutions,
180,https://ssc.wisc.edu/sscc/pubs/RFR/RFR_Regression.html,R For Researchers: Regression (OLS),
181,https://ssc.wisc.edu/sscc/pubs/RFR/RFR_RegressionGLM.html,R for researchers: Regression (GLM),
182,https://ssc.wisc.edu/sscc/pubs/RFR/RFR_RegressionGLM_Sol.html,R for Researchers: Regression (GLM) solutions,
183,https://ssc.wisc.edu/sscc/pubs/RFR/RFR_Regression_Sol.html,R for Researchers: Regression (OLS) solutions,
184,https://ssc.wisc.edu/sscc/pubs/R_intro/book/1-1-overview.html,1.1 Overview | R Introduction to Selected Topics,
185,https://ssc.wisc.edu/sscc/pubs/R_intro/book/1-10-paths-and-working-directories.html,1.10 Paths and working directories | R Introduction to Selected Topics,
186,https://ssc.wisc.edu/sscc/pubs/R_intro/book/1-11-packages.html,1.11 Packages | R Introduction to Selected Topics,
187,https://ssc.wisc.edu/sscc/pubs/R_intro/book/1-2-introduction.html,1.2 Introduction | R Introduction to Selected Topics,
188,https://ssc.wisc.edu/sscc/pubs/R_intro/book/1-3-the-rstudio-ide.html,1.3 The RStudio IDE | R Introduction to Selected Topics,
189,https://ssc.wisc.edu/sscc/pubs/R_intro/book/1-4-rstudio-projects.html,1.4 RStudio projects | R Introduction to Selected Topics,
190,https://ssc.wisc.edu/sscc/pubs/R_intro/book/1-5-console-basics.html,1.5 Console Basics | R Introduction to Selected Topics,
191,https://ssc.wisc.edu/sscc/pubs/R_intro/book/1-6-organizing-projects.html,1.6 Organizing projects | R Introduction to Selected Topics,
192,https://ssc.wisc.edu/sscc/pubs/R_intro/book/1-7-running-your-code.html,1.7 Running your code | R Introduction to Selected Topics,
193,https://ssc.wisc.edu/sscc/pubs/R_intro/book/1-8-functions-and-parameters.html,1.8 Functions and parameters | R Introduction to Selected Topics,
194,https://ssc.wisc.edu/sscc/pubs/R_intro/book/1-9-vectorized-functions.html,1.9 Vectorized functions | R Introduction to Selected Topics,
195,https://ssc.wisc.edu/sscc/pubs/R_intro/book/1-base-r.html,1 Base R | R Introduction to Selected Topics,
196,https://ssc.wisc.edu/sscc/pubs/R_intro/book/2-1-overview-1.html,2.1 Overview | R Introduction to Selected Topics,
197,https://ssc.wisc.edu/sscc/pubs/R_intro/book/2-10-summarizing-data.html,2.10 Summarizing data | R Introduction to Selected Topics,
198,https://ssc.wisc.edu/sscc/pubs/R_intro/book/2-11-reshaping-data.html,2.11 Reshaping data | R Introduction to Selected Topics,
199,https://ssc.wisc.edu/sscc/pubs/R_intro/book/2-12-combining-data-sets.html,2.12 Combining data sets | R Introduction to Selected Topics,
200,https://ssc.wisc.edu/sscc/pubs/R_intro/book/2-13-getting-help.html,2.13 Getting help | R Introduction to Selected Topics,
201,https://ssc.wisc.edu/sscc/pubs/R_intro/book/2-2-tidyverse-packages.html,2.2 Tidyverse packages | R Introduction to Selected Topics,
202,https://ssc.wisc.edu/sscc/pubs/R_intro/book/2-3-the-pipe-operator.html,2.3 The pipe operator | R Introduction to Selected Topics,
203,https://ssc.wisc.edu/sscc/pubs/R_intro/book/2-4-importing-csv-files-and-parsers.html,2.4 Importing csv files and parsers | R Introduction to Selected Topics,
204,https://ssc.wisc.edu/sscc/pubs/R_intro/book/2-5-tibble-structure.html,2.5 Tibble structure | R Introduction to Selected Topics,
205,https://ssc.wisc.edu/sscc/pubs/R_intro/book/2-6-column-operations.html,2.6 Column operations | R Introduction to Selected Topics,
206,https://ssc.wisc.edu/sscc/pubs/R_intro/book/2-7-modifying-variables.html,2.7 Modifying variables | R Introduction to Selected Topics,
207,https://ssc.wisc.edu/sscc/pubs/R_intro/book/2-8-subsetting-rows.html,2.8 Subsetting rows | R Introduction to Selected Topics,
208,https://ssc.wisc.edu/sscc/pubs/R_intro/book/2-9-grouping.html,2.9 Grouping | R Introduction to Selected Topics,
209,https://ssc.wisc.edu/sscc/pubs/R_intro/book/2-tidyverse.html,2 Tidyverse | R Introduction to Selected Topics,
210,https://ssc.wisc.edu/sscc/pubs/R_intro/book/3-1-overview-2.html,3.1 Overview | R Introduction to Selected Topics,
211,https://ssc.wisc.edu/sscc/pubs/R_intro/book/3-10-reshaping.html,3.10 Reshaping | R Introduction to Selected Topics,
212,https://ssc.wisc.edu/sscc/pubs/R_intro/book/3-11-getting-help-1.html,3.11 Getting help | R Introduction to Selected Topics,
213,https://ssc.wisc.edu/sscc/pubs/R_intro/book/3-2-introduction-1.html,3.2 Introduction | R Introduction to Selected Topics,
214,https://ssc.wisc.edu/sscc/pubs/R_intro/book/3-3-data-frames.html,3.3 Data frames | R Introduction to Selected Topics,
215,https://ssc.wisc.edu/sscc/pubs/R_intro/book/3-4-pipe-operator.html,3.4 Pipe operator | R Introduction to Selected Topics,
216,https://ssc.wisc.edu/sscc/pubs/R_intro/book/3-5-column-index.html,3.5 Column index | R Introduction to Selected Topics,
217,https://ssc.wisc.edu/sscc/pubs/R_intro/book/3-6-creatingchanging-variables.html,3.6 Creating/changing variables | R Introduction to Selected Topics,
218,https://ssc.wisc.edu/sscc/pubs/R_intro/book/3-7-summarizing-data-1.html,3.7 Summarizing data | R Introduction to Selected Topics,
219,https://ssc.wisc.edu/sscc/pubs/R_intro/book/3-8-selecting-rows.html,3.8 Selecting rows | R Introduction to Selected Topics,
220,https://ssc.wisc.edu/sscc/pubs/R_intro/book/3-9-working-with-groups.html,3.9 Working with groups | R Introduction to Selected Topics,
221,https://ssc.wisc.edu/sscc/pubs/R_intro/book/3-data-wrangling.html,3 Data Wrangling | R Introduction to Selected Topics,
222,https://ssc.wisc.edu/sscc/pubs/R_intro/book/4-1-overview-3.html,4.1 Overview | R Introduction to Selected Topics,
223,https://ssc.wisc.edu/sscc/pubs/R_intro/book/4-2-specifying-a-model.html,4.2 Specifying a model | R Introduction to Selected Topics,
224,https://ssc.wisc.edu/sscc/pubs/R_intro/book/4-3-running-regressions.html,4.3 Running regressions | R Introduction to Selected Topics,
225,https://ssc.wisc.edu/sscc/pubs/R_intro/book/4-4-variable-selection-functions.html,4.4 Variable selection functions | R Introduction to Selected Topics,
226,https://ssc.wisc.edu/sscc/pubs/R_intro/book/4-5-diagnostics.html,4.5 Diagnostics | R Introduction to Selected Topics,
227,https://ssc.wisc.edu/sscc/pubs/R_intro/book/4-6-results.html,4.6 Results | R Introduction to Selected Topics,
228,https://ssc.wisc.edu/sscc/pubs/R_intro/book/4-regression.html,4 Regression | R Introduction to Selected Topics,
229,https://ssc.wisc.edu/sscc/pubs/R_intro/book/preface.html,R Introduction to Selected Topics,
230,https://ssc.wisc.edu/sscc/pubs/RegressionDiagnostics.html,Regression Diagnostics,
231,https://ssc.wisc.edu/sscc/pubs/allpubs.htm,All SSCC Knowledge Base Articles,102657
232,https://ssc.wisc.edu/sscc/pubs/apps.htm,Articles on Applications,102658
233,https://ssc.wisc.edu/sscc/pubs/bigsas.htm,Running Large SAS Jobs on Linstat,
234,https://ssc.wisc.edu/sscc/pubs/bookmarks.htm,Importing Bookmarks/Favorites into Chrome,102659
235,https://ssc.wisc.edu/sscc/pubs/computing_resources.htm,Computing Resources at the SSCC,
236,https://ssc.wisc.edu/sscc/pubs/convert_sas_formats.htm,Converting SAS Formats from 32-Bit to 64-Bit,
237,https://ssc.wisc.edu/sscc/pubs/data_entry_excel.htm,Using Excel for Data Entry,
238,https://ssc.wisc.edu/sscc/pubs/disk.htm,Network Disk Space at the SSCC ,102660
239,https://ssc.wisc.edu/sscc/pubs/diskfromlinux.htm,Using SSCC Network Disk Space from Personal Linux Computers,102661
240,https://ssc.wisc.edu/sscc/pubs/diskfrommac.htm,Using SSCC Network Disk Space from a Mac,102662
241,https://ssc.wisc.edu/sscc/pubs/dws/data_wrangling_stata1.htm,Data Wrangling in Stata: Review,
242,https://ssc.wisc.edu/sscc/pubs/dws/data_wrangling_stata2.htm,Data Wrangling in Stata: Reading in Data,
243,https://ssc.wisc.edu/sscc/pubs/dws/data_wrangling_stata3.htm,Data Wrangling in Stata: First Steps With Your Data,
244,https://ssc.wisc.edu/sscc/pubs/dws/data_wrangling_stata4.htm,Data Wrangling in Stata: Variable Transformations,
245,https://ssc.wisc.edu/sscc/pubs/dws/data_wrangling_stata5.htm,Data Wrangling in Stata: Hierarchical Data,
246,https://ssc.wisc.edu/sscc/pubs/dws/data_wrangling_stata6.htm,Data Wrangling in Stata: Restructuring Data Sets,
247,https://ssc.wisc.edu/sscc/pubs/dws/data_wrangling_stata7.htm,Data Wrangling in Stata: Combining Data Sets,
248,https://ssc.wisc.edu/sscc/pubs/dws/data_wrangling_stata8.htm,Data Wrangling in Stata: Project Management,
249,https://ssc.wisc.edu/sscc/pubs/dws/data_wrangling_stata9.htm,Data Wrangling in Stata: Learning More,
250,https://ssc.wisc.edu/sscc/pubs/email.htm,Articles on E-mail and Email Lists,102663
251,https://ssc.wisc.edu/sscc/pubs/files/HTMLSample.htm,HTML Sample,error
252,https://ssc.wisc.edu/sscc/pubs/flash.htm,Using SSCC's HPC cluster,
253,https://ssc.wisc.edu/sscc/pubs/goprint.htm,Paying for Printing in the SSCC Labs,102664
254,https://ssc.wisc.edu/sscc/pubs/home.htm,SSCC Knowledge Base,102665
255,https://ssc.wisc.edu/sscc/pubs/intro_stata/intro_stata1.htm,Introduction to Stata: Using Stata,
256,https://ssc.wisc.edu/sscc/pubs/intro_stata/intro_stata2.htm,Introduction to Stata: Structure of a Data Set,
257,https://ssc.wisc.edu/sscc/pubs/intro_stata/intro_stata3.htm,Introduction to Stata: Elements of Stata Syntax,
258,https://ssc.wisc.edu/sscc/pubs/intro_stata/intro_stata4.htm,Introduction to Stata: Do Files,
259,https://ssc.wisc.edu/sscc/pubs/intro_stata/intro_stata5.htm,Introduction to Stata: Statistics,
260,https://ssc.wisc.edu/sscc/pubs/intro_stata/intro_stata6.htm,Introduction to Stata: Creating and Changing Variables,
261,https://ssc.wisc.edu/sscc/pubs/linstat.htm,Using Linstat,102666
262,https://ssc.wisc.edu/sscc/pubs/linstat_from_mac.htm,Connecting to Linstat from a Mac,102667
263,https://ssc.wisc.edu/sscc/pubs/linstat_google_auth.htm,Configuring Google Authenticator to Log in to Linstat,102668
264,https://ssc.wisc.edu/sscc/pubs/linstat_jobs.htm,Managing Jobs on Linstat,102669
265,https://ssc.wisc.edu/sscc/pubs/linstat_outside_us.htm,Connecting to Linstat from Outside the Madison Area,102670
266,https://ssc.wisc.edu/sscc/pubs/linstat_public_key.htm,Configuring a Public/Private Key Pair to Log into Linstat,102671
267,https://ssc.wisc.edu/sscc/pubs/linux.htm,Articles on Using Linux,102672
268,https://ssc.wisc.edu/sscc/pubs/linux_disk_space.htm,Managing Disk Space in Linux,102673
269,https://ssc.wisc.edu/sscc/pubs/linuxos.htm,Getting Started in Linux,102674
270,https://ssc.wisc.edu/sscc/pubs/mac.htm,Articles on Using OS X,102675
271,https://ssc.wisc.edu/sscc/pubs/mplus_linstat.htm,Running Mplus Jobs on Linstat,102676
272,https://ssc.wisc.edu/sscc/pubs/newusers.htm,Articles for New Users,102677
273,https://ssc.wisc.edu/sscc/pubs/nvivo.htm,Using NVivo on Winstat,
274,https://ssc.wisc.edu/sscc/pubs/office2013.htm,Upgrading to Office 2013 using SSCC's Software Center,102678
275,https://ssc.wisc.edu/sscc/pubs/pbnm/pbnmInstall.html,Installing the pbnm Package,102679
276,https://ssc.wisc.edu/sscc/pubs/pc_sec.htm,SSCC - Social Science Computing Cooperative,102680
277,https://ssc.wisc.edu/sscc/pubs/print.htm,Articles on Printing,102681
278,https://ssc.wisc.edu/sscc/pubs/printfromlinux.htm,Using SSCC Network Printers from Personal Linux Computers,102682
279,https://ssc.wisc.edu/sscc/pubs/printfrommac.htm,Using SSCC Printers from Macs,102683
280,https://ssc.wisc.edu/sscc/pubs/python_linstat.htm,Running Python on Linstat,
281,https://ssc.wisc.edu/sscc/pubs/python_packages_winstat.htm,Installing Python Packages on Winstat,
282,https://ssc.wisc.edu/sscc/pubs/r-install.htm,Installing R on Your Personal Computer,
283,https://ssc.wisc.edu/sscc/pubs/r-packages.htm,Using R Packages on SSCC Linux Servers,
284,https://ssc.wisc.edu/sscc/pubs/readhtml.htm,Stata Tools for Reading Data from Web Page,
285,https://ssc.wisc.edu/sscc/pubs/records.htm,Open Records and SSCC Email,102684
286,https://ssc.wisc.edu/sscc/pubs/remote.htm,Articles on Remote Computing,102685
287,https://ssc.wisc.edu/sscc/pubs/remote_desktop.htm,Connecting to Your Office Computer Using Remote Desktop (Windows),102686
288,https://ssc.wisc.edu/sscc/pubs/researchdrive.htm,Using ResearchDrive,102687
289,https://ssc.wisc.edu/sscc/pubs/sas_excel.htm,SAS and Excel Files on Winstat,
290,https://ssc.wisc.edu/sscc/pubs/sas_launch.htm,Launching SAS Files from Windows Explorer,
291,https://ssc.wisc.edu/sscc/pubs/sas_output.htm,Managing Output in SAS 9.3,
292,https://ssc.wisc.edu/sscc/pubs/screen_sharing.htm,Connecting to Your Office Computer Using Screen Sharing (Mac),102688
293,https://ssc.wisc.edu/sscc/pubs/sfr-combine.htm,Stata for Researchers: Combining Data Sets ,
294,https://ssc.wisc.edu/sscc/pubs/sfr-data.htm,Stata for Researchers: Working With Data,
295,https://ssc.wisc.edu/sscc/pubs/sfr-do.htm,Stata for Researchers: Do Files,
296,https://ssc.wisc.edu/sscc/pubs/sfr-graphics.htm,Stata for Researchers: Do Graphics,
297,https://ssc.wisc.edu/sscc/pubs/sfr-groups.htm,Stata for Researchers: Working with Groups,
298,https://ssc.wisc.edu/sscc/pubs/sfr-hier.htm,Stata for Researchers: Hierarchical Data,
299,https://ssc.wisc.edu/sscc/pubs/sfr-intro.htm,Stata for Researchers: Introduction,
300,https://ssc.wisc.edu/sscc/pubs/sfr-learning.htm,Stata for Researchers: Learning More,
301,https://ssc.wisc.edu/sscc/pubs/sfr-projects.htm,Stata for Researchers: Do Files and Project Management,
302,https://ssc.wisc.edu/sscc/pubs/sfr-stats.htm,Stata for Researchers: Statistics,
303,https://ssc.wisc.edu/sscc/pubs/sfr-syntax.htm,Stata for Researchers: Usage and Syntax,
304,https://ssc.wisc.edu/sscc/pubs/sfr/soln_combine1.htm,Solution,
305,https://ssc.wisc.edu/sscc/pubs/sfr/soln_combine2.htm,Solution,
306,https://ssc.wisc.edu/sscc/pubs/sfr/soln_combine3.htm,Solution,
307,https://ssc.wisc.edu/sscc/pubs/sfr/soln_data1.htm,Solution,
308,https://ssc.wisc.edu/sscc/pubs/sfr/soln_data2.htm,Solution,
309,https://ssc.wisc.edu/sscc/pubs/sfr/soln_data3.htm,Solution,
310,https://ssc.wisc.edu/sscc/pubs/sfr/soln_data4.htm,Solution,
311,https://ssc.wisc.edu/sscc/pubs/sfr/soln_data5.htm,Solution,
312,https://ssc.wisc.edu/sscc/pubs/sfr/soln_groups_by1.htm,Solution,
313,https://ssc.wisc.edu/sscc/pubs/sfr/soln_groups_by2.htm,Solution,
314,https://ssc.wisc.edu/sscc/pubs/sfr/soln_groups_by3.htm,Solution,
315,https://ssc.wisc.edu/sscc/pubs/sfr/soln_groups_checks1.htm,Solution,
316,https://ssc.wisc.edu/sscc/pubs/sfr/soln_groups_checks2.htm,Solution,
317,https://ssc.wisc.edu/sscc/pubs/sfr/soln_groups_spell1.htm,Solution,
318,https://ssc.wisc.edu/sscc/pubs/sfr/soln_groups_spell2.htm,Solution,
319,https://ssc.wisc.edu/sscc/pubs/sfr/soln_groups_spell3.htm,Solution,
320,https://ssc.wisc.edu/sscc/pubs/sfr/soln_groups_subscripts1.htm,Solution,
321,https://ssc.wisc.edu/sscc/pubs/sfr/soln_groups_subscripts2.htm,Solution,
322,https://ssc.wisc.edu/sscc/pubs/sfr/soln_hier2.htm,Solution,
323,https://ssc.wisc.edu/sscc/pubs/sfr/soln_stats_cat1.htm,Solution,
324,https://ssc.wisc.edu/sscc/pubs/sfr/soln_stats_cat2.htm,Solution,
325,https://ssc.wisc.edu/sscc/pubs/sfr/soln_stats_desc1.htm,Solution,
326,https://ssc.wisc.edu/sscc/pubs/sfr/soln_stats_desc3.htm,Solution,
327,https://ssc.wisc.edu/sscc/pubs/sfr/soln_stats_reg1.htm,Solution,
328,https://ssc.wisc.edu/sscc/pubs/sfr/soln_stats_res1.htm,Solution,
329,https://ssc.wisc.edu/sscc/pubs/sfr/soln_syntax_by.htm,Solution,
330,https://ssc.wisc.edu/sscc/pubs/sfr/soln_syntax_if_1.htm,Solution,
331,https://ssc.wisc.edu/sscc/pubs/sfr/soln_syntax_if_2.htm,Solution,
332,https://ssc.wisc.edu/sscc/pubs/sfr/soln_syntax_if_3.htm,Solution,
333,https://ssc.wisc.edu/sscc/pubs/sfr/soln_syntax_varlists_1.htm,Solution,
334,https://ssc.wisc.edu/sscc/pubs/sfr/soln_syntax_varlists_2.htm,Solution,
335,https://ssc.wisc.edu/sscc/pubs/sfs/home.htm,Stata for Students,
336,https://ssc.wisc.edu/sscc/pubs/sfs/sfs-bargraph.htm,Stata for Students: Bar Graphs,
337,https://ssc.wisc.edu/sscc/pubs/sfs/sfs-ci.htm,Stata for Students: Means and Confidence Intervals,
338,https://ssc.wisc.edu/sscc/pubs/sfs/sfs-comments.htm,Comments and Other Readability Tools for Do Files,
339,https://ssc.wisc.edu/sscc/pubs/sfs/sfs-cor.htm,Stata for Students: Correlations,
340,https://ssc.wisc.edu/sscc/pubs/sfs/sfs-data.htm,Stata for Students: Stata Data Sets,
341,https://ssc.wisc.edu/sscc/pubs/sfs/sfs-describe.htm,Stata for Students: Describe,
342,https://ssc.wisc.edu/sscc/pubs/sfs/sfs-descriptives.htm,Stata for Students: tabulate,
343,https://ssc.wisc.edu/sscc/pubs/sfs/sfs-do_files.htm,Stata for Students: Doing Your Work Using Do Files,
344,https://ssc.wisc.edu/sscc/pubs/sfs/sfs-econ310.htm,Stata for Students: Economics 310,
345,https://ssc.wisc.edu/sscc/pubs/sfs/sfs-econ410.htm,Stata for Students: Economics 310,
346,https://ssc.wisc.edu/sscc/pubs/sfs/sfs-files.htm,Stata for Students: Managing Stata Files,
347,https://ssc.wisc.edu/sscc/pubs/sfs/sfs-graphs.htm,Stata for Students: Using Graphs,
348,https://ssc.wisc.edu/sscc/pubs/sfs/sfs-hist.htm,Stata for Students: Histograms,
349,https://ssc.wisc.edu/sscc/pubs/sfs/sfs-import.htm,Stata for Students: Reading Data from a Spreadsheet or Text File,
350,https://ssc.wisc.edu/sscc/pubs/sfs/sfs-prtest.htm,Stata for Students: Proportion Tests,
351,https://ssc.wisc.edu/sscc/pubs/sfs/sfs-qualtrics.htm,Downloading Data from Qualtrics and Importing it into Stata,
352,https://ssc.wisc.edu/sscc/pubs/sfs/sfs-scatter.htm,Stata for Students: Scatterplots,
353,https://ssc.wisc.edu/sscc/pubs/sfs/sfs-soc357.htm,Stata for Students: Sociology 357,
354,https://ssc.wisc.edu/sscc/pubs/sfs/sfs-soc360.htm,Stata for Students: Sociology 357,
355,https://ssc.wisc.edu/sscc/pubs/sfs/sfs-syntax.htm,Stata for Students: How Stata Commands Work,
356,https://ssc.wisc.edu/sscc/pubs/sfs/sfs-ttest.htm,Stata for Students: t-tests,
357,https://ssc.wisc.edu/sscc/pubs/sfs/sfs-ui.htm,Stata for Students: Stata's User Interface,
358,https://ssc.wisc.edu/sscc/pubs/sfs/sfs-vars.htm,Stata for Students: Creating Variables and Labels,
359,https://ssc.wisc.edu/sscc/pubs/sfs/sfs-where.htm,Stata for Students: Running Stata,
360,https://ssc.wisc.edu/sscc/pubs/silo.htm,Using Silo,102689
361,https://ssc.wisc.edu/sscc/pubs/softwarecenter.htm,Installing New Software using Software Center,102690
362,https://ssc.wisc.edu/sscc/pubs/spss/Linux/7-18.html,Running SPSS Jobs on Linux,102691
363,https://ssc.wisc.edu/sscc/pubs/spss/Linux/carlinux.html,carlinux.html,
364,https://ssc.wisc.edu/sscc/pubs/spss/Windows/Extension_bundles.html,SPSS Extension Bundles in the SSCC,
365,https://ssc.wisc.edu/sscc/pubs/spss/Windows/SPSS_Syntax.html,SPSS Syntax,
366,https://ssc.wisc.edu/sscc/pubs/spss/classintro/spss_students1.html,SPSS for the Classroom: the Basics,
367,https://ssc.wisc.edu/sscc/pubs/spss/classintro/spss_students2.html,SPSS for the Classroom: Statistics and Graphs,
368,https://ssc.wisc.edu/sscc/pubs/stat.htm,Articles on Statistical Computing,
369,https://ssc.wisc.edu/sscc/pubs/stata_bar_graphs.htm,Bar Graphs in Stata,
370,https://ssc.wisc.edu/sscc/pubs/stata_dates.htm,Working with Dates in Stata,
371,https://ssc.wisc.edu/sscc/pubs/stata_margins.htm,Exploring Regression Results using Margins,
372,https://ssc.wisc.edu/sscc/pubs/stata_memory.htm,Reducing Stata's Memory Usage,
373,https://ssc.wisc.edu/sscc/pubs/stata_mi_condor.htm,Speeding up Multiple Imputation in Stata using Parallel Processing,
374,https://ssc.wisc.edu/sscc/pubs/stata_mi_decide.htm,Multiple Imputation in Stata:,
375,https://ssc.wisc.edu/sscc/pubs/stata_mi_estimate.htm,Multiple Imputation in Stata: Estimating,
376,https://ssc.wisc.edu/sscc/pubs/stata_mi_ex.htm,Multiple Imputation Examples,
377,https://ssc.wisc.edu/sscc/pubs/stata_mi_impute.htm,Multiple Imputation in Stata: Imputing,
378,https://ssc.wisc.edu/sscc/pubs/stata_mi_impute_log.htm,Multiple Imputation in Stata: Imputation Log File,
379,https://ssc.wisc.edu/sscc/pubs/stata_mi_intro.htm,Multiple Imputation in Stata,
380,https://ssc.wisc.edu/sscc/pubs/stata_mi_manage.htm,Multiple Imputation in Stata: Managing Multiply Imputed Data,
381,https://ssc.wisc.edu/sscc/pubs/stata_mi_models.htm,Multiple Imputation in Stata,
382,https://ssc.wisc.edu/sscc/pubs/stata_mi_readings.htm,Multiple Imputation in Stata: Recommended Readings,
383,https://ssc.wisc.edu/sscc/pubs/stata_mp.htm,Running Stata MP at the SSCC,
384,https://ssc.wisc.edu/sscc/pubs/stata_panel.htm,Stata Programming Techniques for Panel Data in Stata,
385,https://ssc.wisc.edu/sscc/pubs/stata_prog1.htm,Stata Programming Essentials,
386,https://ssc.wisc.edu/sscc/pubs/stata_prog2.htm,Stata Programming Tools,
387,https://ssc.wisc.edu/sscc/pubs/stata_psmatch.htm,Propensity Score Matching in Stata using teffects,
388,https://ssc.wisc.edu/sscc/pubs/stata_tables.htm,Creating Publication-Quality Tables in Stata,
389,https://ssc.wisc.edu/sscc/pubs/statahelp.htm,Search Stata's Online Help,
390,https://ssc.wisc.edu/sscc/pubs/termserv.htm,Articles on Using Winstat,102692
391,https://ssc.wisc.edu/sscc/pubs/vpn.htm,Connecting to the SSCC Network via VPN,102693
392,https://ssc.wisc.edu/sscc/pubs/web.htm,Publications about the Web,102694
393,https://ssc.wisc.edu/sscc/pubs/welcome.htm,Welcome to the SSCC!,102695
394,https://ssc.wisc.edu/sscc/pubs/welcomelab.htm,Welcome to the SSCC!,102696
395,https://ssc.wisc.edu/sscc/pubs/windows.htm,Articles on Using Windows,102697
396,https://ssc.wisc.edu/sscc/pubs/winstat.htm,Using Winstat,93525
397,https://ssc.wisc.edu/sscc/pubs/winstat_chrome.htm,Connecting to Winstat using Chrome,102699
398,https://ssc.wisc.edu/sscc/pubs/winstat_firefox.htm,Winstat Solutions: Connecting Using Firefox,102700
399,https://ssc.wisc.edu/sscc/pubs/winstat_fonts.htm,SSCC - Social Science Computing Cooperative,102701
400,https://ssc.wisc.edu/sscc/pubs/wisclist.htm,Using WiscList,102702
401,https://ssc.wisc.edu/sscc/pubs/wordpress.htm,Getting Started with WordPress,102703
402,https://ssc.wisc.edu/sscc/pubs/working_from_home.htm,Working From Home or Elsewhere Off-Campus,102704
403,https://ssc.wisc.edu/sscc/pubs/wp_word.htm,Opening WordPerfect Documents using Word,102705
404,https://ssc.wisc.edu/sscc/pubs/writencite.htm,SSCC - Social Science Computing Cooperative,102706
405,https://ssc.wisc.edu/sscc/resources.htm,Resources,
406,https://ssc.wisc.edu/sscc/resources/members.htm,Resources for SSCC Members,
407,https://ssc.wisc.edu/sscc/resources/newmembers.htm,Resources for New Members,
408,https://ssc.wisc.edu/sscc/resources/sensitive_data.htm,Resources for Working with Sensitive Data,
409,https://ssc.wisc.edu/sscc/resources/visitors.htm,Resources for Visitors,
410,https://ssc.wisc.edu/sscc/ssccnews/3218.html,,
411,https://ssc.wisc.edu/sscc/ssccnews/64bit.htm,,
412,https://ssc.wisc.edu/sscc/ssccnews/access.htm,,
413,https://ssc.wisc.edu/sscc/ssccnews/antivirus.htm,,
414,https://ssc.wisc.edu/sscc/ssccnews/apr01.htm,,
415,https://ssc.wisc.edu/sscc/ssccnews/apr02.htm,,
416,https://ssc.wisc.edu/sscc/ssccnews/apr03.htm,,
417,https://ssc.wisc.edu/sscc/ssccnews/apr04.htm,,
418,https://ssc.wisc.edu/sscc/ssccnews/apr05.htm,,
419,https://ssc.wisc.edu/sscc/ssccnews/apr06.htm,,
420,https://ssc.wisc.edu/sscc/ssccnews/apr07.htm,,
421,https://ssc.wisc.edu/sscc/ssccnews/apr08.htm,,
422,https://ssc.wisc.edu/sscc/ssccnews/apr09.htm,,
423,https://ssc.wisc.edu/sscc/ssccnews/apr10.htm,,
424,https://ssc.wisc.edu/sscc/ssccnews/apr11.htm,,
425,https://ssc.wisc.edu/sscc/ssccnews/apr14.htm,,
426,https://ssc.wisc.edu/sscc/ssccnews/apr15.htm,,
427,https://ssc.wisc.edu/sscc/ssccnews/apr19.htm,,
428,https://ssc.wisc.edu/sscc/ssccnews/aug01.htm,,
429,https://ssc.wisc.edu/sscc/ssccnews/aug02.htm,,
430,https://ssc.wisc.edu/sscc/ssccnews/aug03.htm,,
431,https://ssc.wisc.edu/sscc/ssccnews/aug04.htm,,
432,https://ssc.wisc.edu/sscc/ssccnews/aug05.htm,,
433,https://ssc.wisc.edu/sscc/ssccnews/aug06.htm,,
434,https://ssc.wisc.edu/sscc/ssccnews/aug07.htm,,
435,https://ssc.wisc.edu/sscc/ssccnews/aug08.htm,,
436,https://ssc.wisc.edu/sscc/ssccnews/aug09.htm,,
437,https://ssc.wisc.edu/sscc/ssccnews/aug10.htm,,
438,https://ssc.wisc.edu/sscc/ssccnews/aug11.htm,,
439,https://ssc.wisc.edu/sscc/ssccnews/aug12.htm,,
440,https://ssc.wisc.edu/sscc/ssccnews/aug13.htm,,
441,https://ssc.wisc.edu/sscc/ssccnews/aug14.htm,,
442,https://ssc.wisc.edu/sscc/ssccnews/aug15.htm,,
443,https://ssc.wisc.edu/sscc/ssccnews/aug16.htm,,
444,https://ssc.wisc.edu/sscc/ssccnews/aug17.htm,,
445,https://ssc.wisc.edu/sscc/ssccnews/aug18.htm,,
446,https://ssc.wisc.edu/sscc/ssccnews/aug19.htm,,
447,https://ssc.wisc.edu/sscc/ssccnews/buildingnetwork.htm,,
448,https://ssc.wisc.edu/sscc/ssccnews/dec00.htm,,
449,https://ssc.wisc.edu/sscc/ssccnews/dec01.htm,,
450,https://ssc.wisc.edu/sscc/ssccnews/dec02.htm,,
451,https://ssc.wisc.edu/sscc/ssccnews/dec03.htm,,
452,https://ssc.wisc.edu/sscc/ssccnews/dec04.htm,,
453,https://ssc.wisc.edu/sscc/ssccnews/dec06.htm,,
454,https://ssc.wisc.edu/sscc/ssccnews/dec07.htm,,
455,https://ssc.wisc.edu/sscc/ssccnews/dec08.htm,,
456,https://ssc.wisc.edu/sscc/ssccnews/dec09.htm,,
457,https://ssc.wisc.edu/sscc/ssccnews/dec10.htm,,
458,https://ssc.wisc.edu/sscc/ssccnews/dec11.htm,,
459,https://ssc.wisc.edu/sscc/ssccnews/dec12.htm,,
460,https://ssc.wisc.edu/sscc/ssccnews/dec13.htm,,
461,https://ssc.wisc.edu/sscc/ssccnews/dec16.htm,,
462,https://ssc.wisc.edu/sscc/ssccnews/dec19.htm,,
463,https://ssc.wisc.edu/sscc/ssccnews/dec99.htm,,
464,https://ssc.wisc.edu/sscc/ssccnews/falcon.htm,,
465,https://ssc.wisc.edu/sscc/ssccnews/feb00.htm,,
466,https://ssc.wisc.edu/sscc/ssccnews/feb01.htm,,
467,https://ssc.wisc.edu/sscc/ssccnews/feb02.htm,,
468,https://ssc.wisc.edu/sscc/ssccnews/feb03.htm,,
469,https://ssc.wisc.edu/sscc/ssccnews/feb04.htm,,
470,https://ssc.wisc.edu/sscc/ssccnews/feb05.htm,,
471,https://ssc.wisc.edu/sscc/ssccnews/feb06.htm,,
472,https://ssc.wisc.edu/sscc/ssccnews/feb07.htm,,
473,https://ssc.wisc.edu/sscc/ssccnews/feb08.htm,,
474,https://ssc.wisc.edu/sscc/ssccnews/feb09.htm,,
475,https://ssc.wisc.edu/sscc/ssccnews/feb10.htm,,
476,https://ssc.wisc.edu/sscc/ssccnews/feb11.htm,,
477,https://ssc.wisc.edu/sscc/ssccnews/feb13.htm,,
478,https://ssc.wisc.edu/sscc/ssccnews/feb14.htm,,
479,https://ssc.wisc.edu/sscc/ssccnews/feb19.htm,,
480,https://ssc.wisc.edu/sscc/ssccnews/home.htm,SSCC News,
481,https://ssc.wisc.edu/sscc/ssccnews/inbox.htm,,
482,https://ssc.wisc.edu/sscc/ssccnews/jan00.htm,,
483,https://ssc.wisc.edu/sscc/ssccnews/jan01.htm,,
484,https://ssc.wisc.edu/sscc/ssccnews/jan02.htm,,
485,https://ssc.wisc.edu/sscc/ssccnews/jan03.htm,,
486,https://ssc.wisc.edu/sscc/ssccnews/jan04.htm,,
487,https://ssc.wisc.edu/sscc/ssccnews/jan05.htm,,
488,https://ssc.wisc.edu/sscc/ssccnews/jan06.htm,,
489,https://ssc.wisc.edu/sscc/ssccnews/jan07.htm,,
490,https://ssc.wisc.edu/sscc/ssccnews/jan08.htm,,
491,https://ssc.wisc.edu/sscc/ssccnews/jan09.htm,,
492,https://ssc.wisc.edu/sscc/ssccnews/jan10.htm,,
493,https://ssc.wisc.edu/sscc/ssccnews/jan11.htm,,
494,https://ssc.wisc.edu/sscc/ssccnews/jan12.htm,,
495,https://ssc.wisc.edu/sscc/ssccnews/jan13.htm,,
496,https://ssc.wisc.edu/sscc/ssccnews/jan14.htm,,
497,https://ssc.wisc.edu/sscc/ssccnews/jan15.htm,,
498,https://ssc.wisc.edu/sscc/ssccnews/jan16.htm,,
499,https://ssc.wisc.edu/sscc/ssccnews/jan17.htm,,
500,https://ssc.wisc.edu/sscc/ssccnews/jan18.htm,,
501,https://ssc.wisc.edu/sscc/ssccnews/jan1806.htm,,
502,https://ssc.wisc.edu/sscc/ssccnews/jan19.htm,,
503,https://ssc.wisc.edu/sscc/ssccnews/jan20.htm,,
504,https://ssc.wisc.edu/sscc/ssccnews/jul00.htm,,
505,https://ssc.wisc.edu/sscc/ssccnews/jul02.htm,,
506,https://ssc.wisc.edu/sscc/ssccnews/jul06.htm,,
507,https://ssc.wisc.edu/sscc/ssccnews/jul07.htm,,
508,https://ssc.wisc.edu/sscc/ssccnews/jul08.htm,,
509,https://ssc.wisc.edu/sscc/ssccnews/jul12.htm,,
510,https://ssc.wisc.edu/sscc/ssccnews/jul14.htm,,
511,https://ssc.wisc.edu/sscc/ssccnews/jul15.htm,,
512,https://ssc.wisc.edu/sscc/ssccnews/jul16.htm,,
513,https://ssc.wisc.edu/sscc/ssccnews/jul17.htm,,
514,https://ssc.wisc.edu/sscc/ssccnews/jul18.htm,,
515,https://ssc.wisc.edu/sscc/ssccnews/jun00.htm,,
516,https://ssc.wisc.edu/sscc/ssccnews/jun01.htm,,
517,https://ssc.wisc.edu/sscc/ssccnews/jun02.htm,,
518,https://ssc.wisc.edu/sscc/ssccnews/jun03.htm,,
519,https://ssc.wisc.edu/sscc/ssccnews/jun04.htm,,
520,https://ssc.wisc.edu/sscc/ssccnews/jun05.htm,,
521,https://ssc.wisc.edu/sscc/ssccnews/jun07.htm,,
522,https://ssc.wisc.edu/sscc/ssccnews/jun08.htm,,
523,https://ssc.wisc.edu/sscc/ssccnews/jun09.htm,,
524,https://ssc.wisc.edu/sscc/ssccnews/jun10.htm,,
525,https://ssc.wisc.edu/sscc/ssccnews/jun11.htm,,
526,https://ssc.wisc.edu/sscc/ssccnews/jun12.htm,,
527,https://ssc.wisc.edu/sscc/ssccnews/jun13.htm,,
528,https://ssc.wisc.edu/sscc/ssccnews/jun14.htm,,
529,https://ssc.wisc.edu/sscc/ssccnews/jun19.htm,,
530,https://ssc.wisc.edu/sscc/ssccnews/linstat.htm,,
531,https://ssc.wisc.edu/sscc/ssccnews/linuxgroups.htm,,
532,https://ssc.wisc.edu/sscc/ssccnews/mar00.htm,,
533,https://ssc.wisc.edu/sscc/ssccnews/mar01.htm,,
534,https://ssc.wisc.edu/sscc/ssccnews/mar02.htm,,
535,https://ssc.wisc.edu/sscc/ssccnews/mar03.htm,,
536,https://ssc.wisc.edu/sscc/ssccnews/mar04.htm,,
537,https://ssc.wisc.edu/sscc/ssccnews/mar05.htm,,
538,https://ssc.wisc.edu/sscc/ssccnews/mar06.htm,,
539,https://ssc.wisc.edu/sscc/ssccnews/mar07.htm,,
540,https://ssc.wisc.edu/sscc/ssccnews/mar08.htm,,
541,https://ssc.wisc.edu/sscc/ssccnews/mar09.htm,,
542,https://ssc.wisc.edu/sscc/ssccnews/mar11.htm,,
543,https://ssc.wisc.edu/sscc/ssccnews/mar12.htm,,
544,https://ssc.wisc.edu/sscc/ssccnews/mar13.htm,,
545,https://ssc.wisc.edu/sscc/ssccnews/mar14.htm,,
546,https://ssc.wisc.edu/sscc/ssccnews/mar15.htm,,
547,https://ssc.wisc.edu/sscc/ssccnews/mar16.htm,,
548,https://ssc.wisc.edu/sscc/ssccnews/mar17.htm,,
549,https://ssc.wisc.edu/sscc/ssccnews/mar18.htm,,
550,https://ssc.wisc.edu/sscc/ssccnews/mar20.htm,,
551,https://ssc.wisc.edu/sscc/ssccnews/mar2000.htm,,
552,https://ssc.wisc.edu/sscc/ssccnews/mar2001.htm,,
553,https://ssc.wisc.edu/sscc/ssccnews/may00.htm,,
554,https://ssc.wisc.edu/sscc/ssccnews/may01.htm,,
555,https://ssc.wisc.edu/sscc/ssccnews/may02.htm,,
556,https://ssc.wisc.edu/sscc/ssccnews/may03.htm,,
557,https://ssc.wisc.edu/sscc/ssccnews/may04.htm,,
558,https://ssc.wisc.edu/sscc/ssccnews/may05.htm,,
559,https://ssc.wisc.edu/sscc/ssccnews/may06.htm,,
560,https://ssc.wisc.edu/sscc/ssccnews/may07.htm,,
561,https://ssc.wisc.edu/sscc/ssccnews/may08.htm,,
562,https://ssc.wisc.edu/sscc/ssccnews/may09.htm,,
563,https://ssc.wisc.edu/sscc/ssccnews/may10.htm,,
564,https://ssc.wisc.edu/sscc/ssccnews/may11.htm,,
565,https://ssc.wisc.edu/sscc/ssccnews/may12.htm,,
566,https://ssc.wisc.edu/sscc/ssccnews/may13.htm,,
567,https://ssc.wisc.edu/sscc/ssccnews/may14.htm,,
568,https://ssc.wisc.edu/sscc/ssccnews/may15.htm,,
569,https://ssc.wisc.edu/sscc/ssccnews/may16.htm,,
570,https://ssc.wisc.edu/sscc/ssccnews/may17.htm,,
571,https://ssc.wisc.edu/sscc/ssccnews/may18.htm,,
572,https://ssc.wisc.edu/sscc/ssccnews/may20.htm,,
573,https://ssc.wisc.edu/sscc/ssccnews/merge.htm,,
574,https://ssc.wisc.edu/sscc/ssccnews/netreg_announce.htm,,
575,https://ssc.wisc.edu/sscc/ssccnews/new_winstats.html,,
576,https://ssc.wisc.edu/sscc/ssccnews/newdevice.htm,,
577,https://ssc.wisc.edu/sscc/ssccnews/nov00.htm,,
578,https://ssc.wisc.edu/sscc/ssccnews/nov01.htm,,
579,https://ssc.wisc.edu/sscc/ssccnews/nov02.htm,,
580,https://ssc.wisc.edu/sscc/ssccnews/nov03.htm,,
581,https://ssc.wisc.edu/sscc/ssccnews/nov04.htm,,
582,https://ssc.wisc.edu/sscc/ssccnews/nov05.htm,,
583,https://ssc.wisc.edu/sscc/ssccnews/nov06.htm,,
584,https://ssc.wisc.edu/sscc/ssccnews/nov08.htm,,
585,https://ssc.wisc.edu/sscc/ssccnews/nov09.htm,,
586,https://ssc.wisc.edu/sscc/ssccnews/nov10.htm,,
587,https://ssc.wisc.edu/sscc/ssccnews/nov11.htm,,
588,https://ssc.wisc.edu/sscc/ssccnews/nov12.htm,,
589,https://ssc.wisc.edu/sscc/ssccnews/nov14.htm,,
590,https://ssc.wisc.edu/sscc/ssccnews/nov15.htm,,
591,https://ssc.wisc.edu/sscc/ssccnews/nov18.htm,,
592,https://ssc.wisc.edu/sscc/ssccnews/nov99.htm,,
593,https://ssc.wisc.edu/sscc/ssccnews/oct00.htm,,
594,https://ssc.wisc.edu/sscc/ssccnews/oct01.htm,,
595,https://ssc.wisc.edu/sscc/ssccnews/oct02.htm,,
596,https://ssc.wisc.edu/sscc/ssccnews/oct03.htm,,
597,https://ssc.wisc.edu/sscc/ssccnews/oct04.htm,,
598,https://ssc.wisc.edu/sscc/ssccnews/oct05.htm,,
599,https://ssc.wisc.edu/sscc/ssccnews/oct06.htm,,
600,https://ssc.wisc.edu/sscc/ssccnews/oct07.htm,,
601,https://ssc.wisc.edu/sscc/ssccnews/oct08.htm,,
602,https://ssc.wisc.edu/sscc/ssccnews/oct09.htm,,
603,https://ssc.wisc.edu/sscc/ssccnews/oct10.htm,,
604,https://ssc.wisc.edu/sscc/ssccnews/oct11.htm,,
605,https://ssc.wisc.edu/sscc/ssccnews/oct12.htm,,
606,https://ssc.wisc.edu/sscc/ssccnews/oct13.htm,,
607,https://ssc.wisc.edu/sscc/ssccnews/oct14.htm,,
608,https://ssc.wisc.edu/sscc/ssccnews/oct17.htm,,
609,https://ssc.wisc.edu/sscc/ssccnews/oct99.htm,,
610,https://ssc.wisc.edu/sscc/ssccnews/reset.htm,,
611,https://ssc.wisc.edu/sscc/ssccnews/sasconversion.htm,,
612,https://ssc.wisc.edu/sscc/ssccnews/sep00.htm,,
613,https://ssc.wisc.edu/sscc/ssccnews/sep01.htm,,
614,https://ssc.wisc.edu/sscc/ssccnews/sep02.htm,,
615,https://ssc.wisc.edu/sscc/ssccnews/sep03.htm,,
616,https://ssc.wisc.edu/sscc/ssccnews/sep04.htm,,
617,https://ssc.wisc.edu/sscc/ssccnews/sep05.htm,,
618,https://ssc.wisc.edu/sscc/ssccnews/sep06.htm,,
619,https://ssc.wisc.edu/sscc/ssccnews/sep07.htm,,
620,https://ssc.wisc.edu/sscc/ssccnews/sep08.htm,,
621,https://ssc.wisc.edu/sscc/ssccnews/sep09.htm,,
622,https://ssc.wisc.edu/sscc/ssccnews/sep10.htm,,
623,https://ssc.wisc.edu/sscc/ssccnews/sep11.htm,,
624,https://ssc.wisc.edu/sscc/ssccnews/sep13.htm,,
625,https://ssc.wisc.edu/sscc/ssccnews/sep15.htm,,
626,https://ssc.wisc.edu/sscc/ssccnews/sep16.htm,,
627,https://ssc.wisc.edu/sscc/ssccnews/sep18.htm,,
628,https://ssc.wisc.edu/sscc/ssccnews/sep19.htm,,
629,https://ssc.wisc.edu/sscc/ssccnews/serviceimpact.htm,,
630,https://ssc.wisc.edu/sscc/ssccnews/spamassassin_changes.html,,
631,https://ssc.wisc.edu/sscc/ssccnews/stat.htm,,
632,https://ssc.wisc.edu/sscc/ssccnews/udrive.htm,,
633,https://ssc.wisc.edu/sscc/ssccnews/unix_permissions.htm,,
634,https://ssc.wisc.edu/sscc/ssccnews/upg.htm,,
635,https://ssc.wisc.edu/sscc/ssccnews/wireless.htm,,
636,https://ssc.wisc.edu/sscc/ssccnews/yr12.htm,,
637,https://ssc.wisc.edu/sscc/ssccnews/yr2005.htm,,
638,https://ssc.wisc.edu/sscc/ssccnews/yr2006.htm,,
639,https://ssc.wisc.edu/sscc/ssccnews/yr2010.htm,,
640,https://ssc.wisc.edu/sscc/staff/Arnold.htm,Andrew Arnold,
641,https://ssc.wisc.edu/sscc/staff/Bongert.htm,Dan Bongert,
642,https://ssc.wisc.edu/sscc/staff/Boyer.html,Paul Boyer,
643,https://ssc.wisc.edu/sscc/staff/Dimond.htm,Russell Dimond,
644,https://ssc.wisc.edu/sscc/staff/Gerhartz.htm,Cody Gerhartz,
645,https://ssc.wisc.edu/sscc/staff/Heise.htm,Zach Heise,
646,https://ssc.wisc.edu/sscc/staff/Karam.htm,Mitchell Karam,
647,https://ssc.wisc.edu/sscc/staff/Tefft.htm,Caitlin Tefft,
648,https://ssc.wisc.edu/sscc/staff/hemken.htm,Doug Hemken,
649,https://ssc.wisc.edu/sscc/staff/home.htm,SSCC Staff,
650,https://ssc.wisc.edu/sscc/staff/horrisberger.htm,Ryan Horrisberger,
651,https://ssc.wisc.edu/sscc/statconsult.htm,SSCC Statistical Consulting,
652,https://ssc.wisc.edu/sscc/tips/emailprivacy.htm,Remember: Email is not always private,
653,https://ssc.wisc.edu/sscc/training/classroom.htm,Introduction to the Computer Classroom,
654,https://ssc.wisc.edu/sscc/training/tbird.htm,,
655,https://ssc.wisc.edu/sscc/training/wisccal.htm,,
656,https://ssc.wisc.edu/sscc/winstat.htm,Connecting to Winstat,
657,https://ssc.wisc.edu/sscc_jsp/account/activate.jsp,Enter Your SSCC Username and Activation Code,
658,https://ssc.wisc.edu/sscc_jsp/account/lab.jsp,SSCC Computer Lab Access Request,
659,https://ssc.wisc.edu/sscc_jsp/account/lab/activate.jsp,Enter Your SSCC Username and Activation Code,
660,https://ssc.wisc.edu/sscc_jsp/account/new.jsp,Request an SSCC Account,
661,https://ssc.wisc.edu/sscc_jsp/email/forward.jsp,Enter Your Username and Password,
662,https://ssc.wisc.edu/sscc_jsp/email/pref.jsp,Enter Your Username and Password,
663,https://ssc.wisc.edu/sscc_jsp/labrequest/index.jsp,Request Use of an SSCC Computer Lab,
664,https://ssc.wisc.edu/sscc_jsp/password/questions.jsp,Enter Your Username and Password,
665,https://ssc.wisc.edu/sscc_jsp/password/reset.jsp,Reset SSCC Password,
666,https://ssc.wisc.edu/sscc_jsp/spssdocs.jsp,,
667,https://ssc.wisc.edu/sscc_jsp/status.jsp,,
668,https://ssc.wisc.edu/sscc_jsp/training/details.jsp?class_id=2575,Data Wrangling in R,
669,https://ssc.wisc.edu/sscc_jsp/training/details.jsp?class_id=2576,Introduction to Stata,
670,https://ssc.wisc.edu/sscc_jsp/training/details.jsp?class_id=2577,Data Wrangling In Stata,
671,https://ssc.wisc.edu/sscc_jsp/training/details.jsp?class_id=2587,Linear Models (with Stata),
672,https://ssc.wisc.edu/sscc_jsp/training/details.jsp?class_id=2588,"Structural Equation Modeling, and Mediation (with Stata)",
673,https://ssc.wisc.edu/sscc_jsp/training/details.jsp?class_id=2589,Stata Workshop: Loops and Macros,
674,https://ssc.wisc.edu/sscc_jsp/training/details.jsp?class_id=2590,Stata Workshop: Text Data,
675,https://ssc.wisc.edu/sscc_jsp/training/details.jsp?class_id=2591,Stata Workshop: Dates,
676,https://ssc.wisc.edu/sscc_jsp/training/details.jsp?class_id=2596,Data Wrangling in Python Study Group,
677,https://ssc.wisc.edu/sscc_jsp/training/details.jsp?class_id=2610,Tools for Teaching Online,
678,https://ssc.wisc.edu/sscc_jsp/training/index.jsp,SSCC Training Sessions - Spring 2020,