url,title
https://ssc.wisc.edu/sscc/about.htm,SSCC History and Governance
https://ssc.wisc.edu/sscc/about/home.htm,About the SSCC
https://ssc.wisc.edu/sscc/about/join.htm,Joining the SSCC
https://ssc.wisc.edu/sscc/about/services.htm,SSCC Services
https://ssc.wisc.edu/sscc/about/training.htm,SSCC Training
https://ssc.wisc.edu/sscc/accounts/home.htm,SSCC Accounts
https://ssc.wisc.edu/sscc/accounts/new.htm,The Social Science Computing Cooperative
https://ssc.wisc.edu/sscc/accounts/socscidiv.htm,The Social Science Computing Cooperative
https://ssc.wisc.edu/sscc/agencies.htm,SSCC Member Agencies
https://ssc.wisc.edu/sscc/helpdesk.htm,SSCC Help Desk
https://ssc.wisc.edu/sscc/index.htm,SSCC - Home
https://ssc.wisc.edu/sscc/infrastructure/computer.htm,SSCC Computers
https://ssc.wisc.edu/sscc/infrastructure/docscan.htm,Document Scanning
https://ssc.wisc.edu/sscc/infrastructure/emerg.htm,Reporting Computer and Network Failures After-hours
https://ssc.wisc.edu/sscc/infrastructure/home.htm,SSCC Infrastructure
https://ssc.wisc.edu/sscc/infrastructure/labs.htm,SSCC Computer Labs
https://ssc.wisc.edu/sscc/infrastructure/sensitive.htm,Sensitive Data Facilities
https://ssc.wisc.edu/sscc/instruction/home.htm,Instructional Support at the SSCC
https://ssc.wisc.edu/sscc/instruction/labusers.htm,Information for SSCC Instructional Lab Users
https://ssc.wisc.edu/sscc/news/silo_expansion.htm,Silo Expansion for SMPH
https://ssc.wisc.edu/sscc/nonmember_statconsult.htm,Statistical Consulting for Researchers Who are Not Members of the SSCC
https://ssc.wisc.edu/sscc/policies/backup.htm,SSCC Data Integrity
https://ssc.wisc.edu/sscc/policies/desktopsupp.htm,SSCC Computer Support Policy
https://ssc.wisc.edu/sscc/policies/home.htm,SSCC Policies
https://ssc.wisc.edu/sscc/policies/inbox.htm,E-mail Storage Limitations
https://ssc.wisc.edu/sscc/policies/legitemail.htm,Identifying Legitimate SSCC Email
https://ssc.wisc.edu/sscc/policies/library.htm,Support for the Campus Software Library
https://ssc.wisc.edu/sscc/policies/password.htm,Password Policy
https://ssc.wisc.edu/sscc/policies/printing.htm,SSCC Printing Policy
https://ssc.wisc.edu/sscc/policies/reset.htm,Resetting Passwords
https://ssc.wisc.edu/sscc/policies/server_usage.htm,Server Usage Policy
https://ssc.wisc.edu/sscc/policies/softsup.htm,SSCC Software Support Policy
https://ssc.wisc.edu/sscc/policies/usage.htm,SSCC Usage Policy
https://ssc.wisc.edu/sscc/policies/webpublish.htm,Web Publishing Policy
https://ssc.wisc.edu/sscc/policies/winstat_session_limits.htm,Winstat Session Limits
https://ssc.wisc.edu/sscc/pubs/1-11.htm,Using SFTP 
https://ssc.wisc.edu/sscc/pubs/1-13.htm,Connecting to SSCC Computers Using a WinTerm
https://ssc.wisc.edu/sscc/pubs/1-14.htm,Virus Protection at the SSCC
https://ssc.wisc.edu/sscc/pubs/1-15.htm,How to Change Your SSCC Passwords
https://ssc.wisc.edu/sscc/pubs/1-21.htm,Getting SSCC Announcements via RSS
https://ssc.wisc.edu/sscc/pubs/1-4.htm,Publishing a Web Site on the SSCC's Web Server
https://ssc.wisc.edu/sscc/pubs/4-11.htm,Using Compressed Data in SAS
https://ssc.wisc.edu/sscc/pubs/4-12.htm,Creating SAS Transport Files
https://ssc.wisc.edu/sscc/pubs/4-13.htm,Programming in Color
https://ssc.wisc.edu/sscc/pubs/4-16.htm,Finding and Installing User-Written Stata Programs
https://ssc.wisc.edu/sscc/pubs/4-17.htm,Using Stat/Transfer
https://ssc.wisc.edu/sscc/pubs/4-18.htm,An Introduction to SAS Data Steps
https://ssc.wisc.edu/sscc/pubs/4-19.htm,Storing SAS Formats
https://ssc.wisc.edu/sscc/pubs/4-20.htm,Saving SAS Graphs For Printing or Other Uses
https://ssc.wisc.edu/sscc/pubs/4-21.htm,A Simple Procedure for Producing Publication-Quality Graphs using SAS
https://ssc.wisc.edu/sscc/pubs/4-22.htm,Making Predictions with Counter-Factual Data in Stata
https://ssc.wisc.edu/sscc/pubs/4-23.htm,Using Stata Graphs in Documents 
https://ssc.wisc.edu/sscc/pubs/4-24.htm,An Introduction to Stata Graphics
https://ssc.wisc.edu/sscc/pubs/4-25.htm,Including Calculated Results In Stata Graphs 
https://ssc.wisc.edu/sscc/pubs/4-26.htm,An Introduction to Mata 
https://ssc.wisc.edu/sscc/pubs/4-27.htm,Bootstrapping in Stata 
https://ssc.wisc.edu/sscc/pubs/4-28.htm, Using Reshape to Manage Hierarchical Data
https://ssc.wisc.edu/sscc/pubs/4-8.htm,Redirecting and Customizing Tabular Output in SAS
https://ssc.wisc.edu/sscc/pubs/5-12.htm,Keeping Your PC Secure
https://ssc.wisc.edu/sscc/pubs/5-13.htm,Writing a CD Using Ahead Nero
https://ssc.wisc.edu/sscc/pubs/5-15.htm,Printing on Special Paper
https://ssc.wisc.edu/sscc/pubs/5-17.htm,Creating Web Pages Using Dreamweaver
https://ssc.wisc.edu/sscc/pubs/5-2.htm,Connecting to SSCC Linux Computers using X-Win32
https://ssc.wisc.edu/sscc/pubs/5-22.htm,Cleaning Out Your Email
https://ssc.wisc.edu/sscc/pubs/5-24.htm,Setting Up Network Printers in Windows
https://ssc.wisc.edu/sscc/pubs/5-26.htm,Mapping a Drive to a Network Share in Windows
https://ssc.wisc.edu/sscc/pubs/5-29.htm,Formatting Your Dissertation in Word
https://ssc.wisc.edu/sscc/pubs/5-31.htm,Removing Hidden Data from Documents 
https://ssc.wisc.edu/sscc/pubs/5-35.htm,Transferring Files Using SecureFX
https://ssc.wisc.edu/sscc/pubs/7-1.htm,An Introduction to Condor
https://ssc.wisc.edu/sscc/pubs/7-10.htm,Using Emacs
https://ssc.wisc.edu/sscc/pubs/7-12.htm,Using Stata on Linux
https://ssc.wisc.edu/sscc/pubs/7-20.htm,Limiting Access to a Web Page
https://ssc.wisc.edu/sscc/pubs/7-23.htm,Forwarding Your Email to Another Address
https://ssc.wisc.edu/sscc/pubs/7-27.htm,Running OpenOffice on Linux
https://ssc.wisc.edu/sscc/pubs/7-28.htm,Printing from Linux
https://ssc.wisc.edu/sscc/pubs/7-4.htm,Running SAS on Linux
https://ssc.wisc.edu/sscc/pubs/7-8.htm,Using Compressed Data in Linux
https://ssc.wisc.edu/sscc/pubs/DWE/book/0-1-organization-of-the-book-and-chapters.html,0.1 Organization of the book and chapters | Data Wrangling Essentials
https://ssc.wisc.edu/sscc/pubs/DWE/book/0-2-who-will-benefit-from-this-book.html,0.2 Who will benefit from this book | Data Wrangling Essentials
https://ssc.wisc.edu/sscc/pubs/DWE/book/0-3-materials-for-this-book.html,0.3 Materials for this book | Data Wrangling Essentials
https://ssc.wisc.edu/sscc/pubs/DWE/book/1-1-programming-basics.html,1.1 Programming basics | Data Wrangling Essentials
https://ssc.wisc.edu/sscc/pubs/DWE/book/1-2-functions-packges-and-getting-help.html,"1.2 Functions, Packges, and Getting help | Data Wrangling Essentials"
https://ssc.wisc.edu/sscc/pubs/DWE/book/1-programming.html,1 Programming | Data Wrangling Essentials
https://ssc.wisc.edu/sscc/pubs/DWE/book/2-1-data-frames-1.html,2.1 Data frames | Data Wrangling Essentials
https://ssc.wisc.edu/sscc/pubs/DWE/book/2-2-prgm-read-csv.html,2.2 Reading csv files and other delimited data | Data Wrangling Essentials
https://ssc.wisc.edu/sscc/pubs/DWE/book/2-3-prgm-read-csv-advnc.html,2.3 More challenging csv and delimited files | Data Wrangling Essentials
https://ssc.wisc.edu/sscc/pubs/DWE/book/2-data-frames.html,2 Data frames | Data Wrangling Essentials
https://ssc.wisc.edu/sscc/pubs/DWE/book/3-1-preparatory-exercises.html,3.1 Preparatory exercises | Data Wrangling Essentials
https://ssc.wisc.edu/sscc/pubs/DWE/book/3-2-relationships-between-two-continuous-variables.html,3.2 Relationships between two continuous variables | Data Wrangling Essentials
https://ssc.wisc.edu/sscc/pubs/DWE/book/3-3-sect-ggplot-categorical.html,3.3 Relationships between continuous and categorical variables | Data Wrangling Essentials
https://ssc.wisc.edu/sscc/pubs/DWE/book/3-4-sect-ggplot-multiple-var.html,3.4 Relationships between more than two variables | Data Wrangling Essentials
https://ssc.wisc.edu/sscc/pubs/DWE/book/3-visual-exploration-of-data.html,3 Visual Exploration of data | Data Wrangling Essentials
https://ssc.wisc.edu/sscc/pubs/DWE/book/4-1-preparatory-exercises-1.html,4.1 Preparatory exercises | Data Wrangling Essentials
https://ssc.wisc.edu/sscc/pubs/DWE/book/4-2-naming-variables.html,4.2 Naming variables | Data Wrangling Essentials
https://ssc.wisc.edu/sscc/pubs/DWE/book/4-3-copying-data-sets.html,4.3 Copying data sets | Data Wrangling Essentials
https://ssc.wisc.edu/sscc/pubs/DWE/book/4-4-dropping-unneeded-variables.html,4.4 Dropping unneeded variables | Data Wrangling Essentials
https://ssc.wisc.edu/sscc/pubs/DWE/book/4-5-sec-drop-obs.html,4.5 Dropping unneeded observations | Data Wrangling Essentials
https://ssc.wisc.edu/sscc/pubs/DWE/book/4-6-subsets-of-a-data-frame.html,4.6 Subsets of a data frame | Data Wrangling Essentials
https://ssc.wisc.edu/sscc/pubs/DWE/book/4-7-coding-missing-values.html,4.7 Coding missing values | Data Wrangling Essentials
https://ssc.wisc.edu/sscc/pubs/DWE/book/4-8-coding-missing-values-part-2.html,4.8 Coding missing values - part 2 | Data Wrangling Essentials
https://ssc.wisc.edu/sscc/pubs/DWE/book/4-9-duplicate-observations.html,4.9 Duplicate observations | Data Wrangling Essentials
https://ssc.wisc.edu/sscc/pubs/DWE/book/4-cleaning.html,4 Cleaning | Data Wrangling Essentials
https://ssc.wisc.edu/sscc/pubs/DWE/book/5-1-preparatory-exercises-2.html,5.1 Preparatory exercises | Data Wrangling Essentials
https://ssc.wisc.edu/sscc/pubs/DWE/book/5-2-character-variables.html,5.2 Character variables | Data Wrangling Essentials
https://ssc.wisc.edu/sscc/pubs/DWE/book/5-3-numeric-variables.html,5.3 Numeric variables | Data Wrangling Essentials
https://ssc.wisc.edu/sscc/pubs/DWE/book/5-4-factors-and-indicators.html,5.4 Factors and Indicators | Data Wrangling Essentials
https://ssc.wisc.edu/sscc/pubs/DWE/book/5-5-date-and-time-variables.html,5.5 Date and time variables | Data Wrangling Essentials
https://ssc.wisc.edu/sscc/pubs/DWE/book/5-6-related-observations.html,5.6 Related observations | Data Wrangling Essentials
https://ssc.wisc.edu/sscc/pubs/DWE/book/5-7-relationships-between-columns.html,5.7 Relationships between columns | Data Wrangling Essentials
https://ssc.wisc.edu/sscc/pubs/DWE/book/5-transforming-variables.html,5 Transforming variables | Data Wrangling Essentials
https://ssc.wisc.edu/sscc/pubs/DWE/book/6-1-preparatory-exercises-3.html,6.1 Preparatory exercises | Data Wrangling Essentials
https://ssc.wisc.edu/sscc/pubs/DWE/book/6-2-tidy-data.html,6.2 Tidy data | Data Wrangling Essentials
https://ssc.wisc.edu/sscc/pubs/DWE/book/6-3-aggregating-data.html,6.3 Aggregating data | Data Wrangling Essentials
https://ssc.wisc.edu/sscc/pubs/DWE/book/6-4-combining-data-sets.html,6.4 Combining data sets | Data Wrangling Essentials
https://ssc.wisc.edu/sscc/pubs/DWE/book/6-transforming-data-frames.html,6 Transforming data frames | Data Wrangling Essentials
https://ssc.wisc.edu/sscc/pubs/DWE/book/7-programming-index.html,7 Programming index | Data Wrangling Essentials
https://ssc.wisc.edu/sscc/pubs/DWE/book/preface.html,Data Wrangling Essentials
https://ssc.wisc.edu/sscc/pubs/DWE/solutions_Python/1-1-programming-basics.html,1.1 Programming basics | Data Wrangling Essentials - Exercise Solutions in Python
https://ssc.wisc.edu/sscc/pubs/DWE/solutions_Python/1-2-functions-packges-and-getting-help.html,"1.2 Functions, Packges, and Getting help | Data Wrangling Essentials - Exercise Solutions in Python"
https://ssc.wisc.edu/sscc/pubs/DWE/solutions_Python/1-programming.html,1 Programming | Data Wrangling Essentials - Exercise Solutions in Python
https://ssc.wisc.edu/sscc/pubs/DWE/solutions_Python/2-1-data-frames-1.html,2.1 Data frames | Data Wrangling Essentials - Exercise Solutions in Python
https://ssc.wisc.edu/sscc/pubs/DWE/solutions_Python/2-2-reading-csv-files-and-other-delimited-data.html,2.2 Reading csv files and other delimited data | Data Wrangling Essentials - Exercise Solutions in Python
https://ssc.wisc.edu/sscc/pubs/DWE/solutions_Python/2-3-more-challenging-csv-and-deliminated-files.html,2.3 More challenging csv and deliminated files | Data Wrangling Essentials - Exercise Solutions in Python
https://ssc.wisc.edu/sscc/pubs/DWE/solutions_Python/2-data-frames.html,2 Data frames | Data Wrangling Essentials - Exercise Solutions in Python
https://ssc.wisc.edu/sscc/pubs/DWE/solutions_Python/3-1-preparatory-exercises.html,3.1 Preparatory exercises | Data Wrangling Essentials - Exercise Solutions in Python
https://ssc.wisc.edu/sscc/pubs/DWE/solutions_Python/3-2-relationship-between-two-continuous-variables.html,3.2 Relationship between two continuous variables | Data Wrangling Essentials - Exercise Solutions in Python
https://ssc.wisc.edu/sscc/pubs/DWE/solutions_Python/3-3-relationships-between-continuous-and-categorical-variables.html,3.3 Relationships between continuous and categorical variables | Data Wrangling Essentials - Exercise Solutions in Python
https://ssc.wisc.edu/sscc/pubs/DWE/solutions_Python/3-4-relationship-between-more-than-two-variables.html,3.4 Relationship between more than two variables | Data Wrangling Essentials - Exercise Solutions in Python
https://ssc.wisc.edu/sscc/pubs/DWE/solutions_Python/3-visual-exploration-of-data.html,3 Visual Exploration of data | Data Wrangling Essentials - Exercise Solutions in Python
https://ssc.wisc.edu/sscc/pubs/DWE/solutions_Python/4-1-preparatory-exercises-1.html,4.1 Preparatory exercises | Data Wrangling Essentials - Exercise Solutions in Python
https://ssc.wisc.edu/sscc/pubs/DWE/solutions_Python/4-2-naming-variables.html,4.2 Naming variables | Data Wrangling Essentials - Exercise Solutions in Python
https://ssc.wisc.edu/sscc/pubs/DWE/solutions_Python/4-3-copying-data-sets.html,4.3 Copying data sets | Data Wrangling Essentials - Exercise Solutions in Python
https://ssc.wisc.edu/sscc/pubs/DWE/solutions_Python/4-4-dropping-unneeded-variables.html,4.4 Dropping unneeded variables | Data Wrangling Essentials - Exercise Solutions in Python
https://ssc.wisc.edu/sscc/pubs/DWE/solutions_Python/4-5-dropping-unneeded-observations.html,4.5 Dropping unneeded observations | Data Wrangling Essentials - Exercise Solutions in Python
https://ssc.wisc.edu/sscc/pubs/DWE/solutions_Python/4-6-subsets-of-a-data-frame.html,4.6 Subsets of a data frame | Data Wrangling Essentials - Exercise Solutions in Python
https://ssc.wisc.edu/sscc/pubs/DWE/solutions_Python/4-7-coding-missing-values.html,4.7 Coding missing values | Data Wrangling Essentials - Exercise Solutions in Python
https://ssc.wisc.edu/sscc/pubs/DWE/solutions_Python/4-8-coding-missing-values-part-2.html,4.8 Coding missing values - part 2 | Data Wrangling Essentials - Exercise Solutions in Python
https://ssc.wisc.edu/sscc/pubs/DWE/solutions_Python/4-9-duplicate-observations.html,4.9 Duplicate observations | Data Wrangling Essentials - Exercise Solutions in Python
https://ssc.wisc.edu/sscc/pubs/DWE/solutions_Python/4-cleaning.html,4 Cleaning | Data Wrangling Essentials - Exercise Solutions in Python
https://ssc.wisc.edu/sscc/pubs/DWE/solutions_Python/5-1-preparatory-exercises-2.html,5.1 Preparatory exercises | Data Wrangling Essentials - Exercise Solutions in Python
https://ssc.wisc.edu/sscc/pubs/DWE/solutions_Python/5-2-character-variables.html,5.2 Character variables | Data Wrangling Essentials - Exercise Solutions in Python
https://ssc.wisc.edu/sscc/pubs/DWE/solutions_Python/5-3-numeric-variables.html,5.3 Numeric variables | Data Wrangling Essentials - Exercise Solutions in Python
https://ssc.wisc.edu/sscc/pubs/DWE/solutions_Python/5-4-factors-and-indicators.html,5.4 Factors and Indicators | Data Wrangling Essentials - Exercise Solutions in Python
https://ssc.wisc.edu/sscc/pubs/DWE/solutions_Python/5-5-date-and-time-variables.html,5.5 Date and time variables | Data Wrangling Essentials - Exercise Solutions in Python
https://ssc.wisc.edu/sscc/pubs/DWE/solutions_Python/5-6-related-observations.html,5.6 Related observations | Data Wrangling Essentials - Exercise Solutions in Python
https://ssc.wisc.edu/sscc/pubs/DWE/solutions_Python/5-7-relationships-between-columns.html,5.7 Relationships between columns | Data Wrangling Essentials - Exercise Solutions in Python
https://ssc.wisc.edu/sscc/pubs/DWE/solutions_Python/5-transforming-variables.html,5 Transforming variables | Data Wrangling Essentials - Exercise Solutions in Python
https://ssc.wisc.edu/sscc/pubs/DWE/solutions_Python/6-1-preparatory-exercises-3.html,6.1 Preparatory exercises | Data Wrangling Essentials - Exercise Solutions in Python
https://ssc.wisc.edu/sscc/pubs/DWE/solutions_Python/6-2-tidy-data.html,6.2 Tidy data | Data Wrangling Essentials - Exercise Solutions in Python
https://ssc.wisc.edu/sscc/pubs/DWE/solutions_Python/6-3-aggregating-data.html,6.3 Aggregating data | Data Wrangling Essentials - Exercise Solutions in Python
https://ssc.wisc.edu/sscc/pubs/DWE/solutions_Python/6-transforming-variables-1.html,6 Transforming variables | Data Wrangling Essentials - Exercise Solutions in Python
https://ssc.wisc.edu/sscc/pubs/DWE/solutions_Python/preface.html,Data Wrangling Essentials - Exercise Solutions in Python
https://ssc.wisc.edu/sscc/pubs/GitBrief/GitBriefIntro.html,Git - Brief Introduction
https://ssc.wisc.edu/sscc/pubs/MM/MM_DiagInfer.html,Mixed Models: Diagnostics and Inference
https://ssc.wisc.edu/sscc/pubs/MM/MM_DiagInfer_Sol.html,Mixed Models: Diagnostics and Inference solutions
https://ssc.wisc.edu/sscc/pubs/MM/MM_Introduction.html,Mixed Models: Introduction
https://ssc.wisc.edu/sscc/pubs/MM/MM_Models.html,Mixed Models: Models
https://ssc.wisc.edu/sscc/pubs/MM/MM_Models_Sol.html,Mixed Models: Models solutions
https://ssc.wisc.edu/sscc/pubs/MM/MM_MultRand.html,Mixed Models: Multiple Random Parameters
https://ssc.wisc.edu/sscc/pubs/MM/MM_TestEffects.html,Mixed Models: Testing Significance of Effects
https://ssc.wisc.edu/sscc/pubs/MM/MM_TestEffects_Sol.html,Mixed Models: Testing Significance of Effects solutions
https://ssc.wisc.edu/sscc/pubs/RBrief/R_BriefIntro.html,R - A Brief Introduction
https://ssc.wisc.edu/sscc/pubs/RBrief/R_BriefIntroReg.html,R - A Brief Introduction to Regression
https://ssc.wisc.edu/sscc/pubs/RFR/RFR_DataExpl.html,R for Researchers: Data exploration
https://ssc.wisc.edu/sscc/pubs/RFR/RFR_DataExpl_Sol.html,R for Researchers: Data exploration solutions
https://ssc.wisc.edu/sscc/pubs/RFR/RFR_DataPrep.html,R for Researchers: Data preparation
https://ssc.wisc.edu/sscc/pubs/RFR/RFR_DataPrep_Sol.html,R for Researchers: Data preparation solutions
https://ssc.wisc.edu/sscc/pubs/RFR/RFR_DataPres.html,R for researchers: Data presentation
https://ssc.wisc.edu/sscc/pubs/RFR/RFR_DataPres_SalDoc.html,R for researchers: Final SalDoc
https://ssc.wisc.edu/sscc/pubs/RFR/RFR_Diagnostics.html,R for researchers: Diagnostics
https://ssc.wisc.edu/sscc/pubs/RFR/RFR_Diagnostics_Sol.html,R for Researchers: Diagnostic solutions
https://ssc.wisc.edu/sscc/pubs/RFR/RFR_Introduction.html,R for Researchers: Introduction
https://ssc.wisc.edu/sscc/pubs/RFR/RFR_Projects.html,R for Researchers: Projects
https://ssc.wisc.edu/sscc/pubs/RFR/RFR_RMarkdown.html,R for Researchers: R Markdown
https://ssc.wisc.edu/sscc/pubs/RFR/RFR_RMarkdown_Sol.html,R for Researchers: R Markdown solutions
https://ssc.wisc.edu/sscc/pubs/RFR/RFR_RScript.html,R for Researchers: R Scripts
https://ssc.wisc.edu/sscc/pubs/RFR/RFR_RScript_Sol.html,R for Researchers: R Scripts solutions
https://ssc.wisc.edu/sscc/pubs/RFR/RFR_RegInference.html,R for researchers: Regression inference
https://ssc.wisc.edu/sscc/pubs/RFR/RFR_RegInference_Sol.html,R for Researchers: Regression inference solutions
https://ssc.wisc.edu/sscc/pubs/RFR/RFR_Regression.html,R For Researchers: Regression (OLS)
https://ssc.wisc.edu/sscc/pubs/RFR/RFR_RegressionGLM.html,R for researchers: Regression (GLM)
https://ssc.wisc.edu/sscc/pubs/RFR/RFR_RegressionGLM_Sol.html,R for Researchers: Regression (GLM) solutions
https://ssc.wisc.edu/sscc/pubs/RFR/RFR_Regression_Sol.html,R for Researchers: Regression (OLS) solutions
https://ssc.wisc.edu/sscc/pubs/R_intro/book/1-1-overview.html,1.1 Overview | R Introduction to Selected Topics
https://ssc.wisc.edu/sscc/pubs/R_intro/book/1-10-paths-and-working-directories.html,1.10 Paths and working directories | R Introduction to Selected Topics
https://ssc.wisc.edu/sscc/pubs/R_intro/book/1-11-packages.html,1.11 Packages | R Introduction to Selected Topics
https://ssc.wisc.edu/sscc/pubs/R_intro/book/1-2-introduction.html,1.2 Introduction | R Introduction to Selected Topics
https://ssc.wisc.edu/sscc/pubs/R_intro/book/1-3-the-rstudio-ide.html,1.3 The RStudio IDE | R Introduction to Selected Topics
https://ssc.wisc.edu/sscc/pubs/R_intro/book/1-4-rstudio-projects.html,1.4 RStudio projects | R Introduction to Selected Topics
https://ssc.wisc.edu/sscc/pubs/R_intro/book/1-5-console-basics.html,1.5 Console Basics | R Introduction to Selected Topics
https://ssc.wisc.edu/sscc/pubs/R_intro/book/1-6-organizing-projects.html,1.6 Organizing projects | R Introduction to Selected Topics
https://ssc.wisc.edu/sscc/pubs/R_intro/book/1-7-running-your-code.html,1.7 Running your code | R Introduction to Selected Topics
https://ssc.wisc.edu/sscc/pubs/R_intro/book/1-8-functions-and-parameters.html,1.8 Functions and parameters | R Introduction to Selected Topics
https://ssc.wisc.edu/sscc/pubs/R_intro/book/1-9-vectorized-functions.html,1.9 Vectorized functions | R Introduction to Selected Topics
https://ssc.wisc.edu/sscc/pubs/R_intro/book/1-base-r.html,1 Base R | R Introduction to Selected Topics
https://ssc.wisc.edu/sscc/pubs/R_intro/book/2-1-overview-1.html,2.1 Overview | R Introduction to Selected Topics
https://ssc.wisc.edu/sscc/pubs/R_intro/book/2-10-summarizing-data.html,2.10 Summarizing data | R Introduction to Selected Topics
https://ssc.wisc.edu/sscc/pubs/R_intro/book/2-11-reshaping-data.html,2.11 Reshaping data | R Introduction to Selected Topics
https://ssc.wisc.edu/sscc/pubs/R_intro/book/2-12-combining-data-sets.html,2.12 Combining data sets | R Introduction to Selected Topics
https://ssc.wisc.edu/sscc/pubs/R_intro/book/2-13-getting-help.html,2.13 Getting help | R Introduction to Selected Topics
https://ssc.wisc.edu/sscc/pubs/R_intro/book/2-2-tidyverse-packages.html,2.2 Tidyverse packages | R Introduction to Selected Topics
https://ssc.wisc.edu/sscc/pubs/R_intro/book/2-3-the-pipe-operator.html,2.3 The pipe operator | R Introduction to Selected Topics
https://ssc.wisc.edu/sscc/pubs/R_intro/book/2-4-importing-csv-files-and-parsers.html,2.4 Importing csv files and parsers | R Introduction to Selected Topics
https://ssc.wisc.edu/sscc/pubs/R_intro/book/2-5-tibble-structure.html,2.5 Tibble structure | R Introduction to Selected Topics
https://ssc.wisc.edu/sscc/pubs/R_intro/book/2-6-column-operations.html,2.6 Column operations | R Introduction to Selected Topics
https://ssc.wisc.edu/sscc/pubs/R_intro/book/2-7-modifying-variables.html,2.7 Modifying variables | R Introduction to Selected Topics
https://ssc.wisc.edu/sscc/pubs/R_intro/book/2-8-subsetting-rows.html,2.8 Subsetting rows | R Introduction to Selected Topics
https://ssc.wisc.edu/sscc/pubs/R_intro/book/2-9-grouping.html,2.9 Grouping | R Introduction to Selected Topics
https://ssc.wisc.edu/sscc/pubs/R_intro/book/2-tidyverse.html,2 Tidyverse | R Introduction to Selected Topics
https://ssc.wisc.edu/sscc/pubs/R_intro/book/3-1-overview-2.html,3.1 Overview | R Introduction to Selected Topics
https://ssc.wisc.edu/sscc/pubs/R_intro/book/3-10-reshaping.html,3.10 Reshaping | R Introduction to Selected Topics
https://ssc.wisc.edu/sscc/pubs/R_intro/book/3-11-getting-help-1.html,3.11 Getting help | R Introduction to Selected Topics
https://ssc.wisc.edu/sscc/pubs/R_intro/book/3-2-introduction-1.html,3.2 Introduction | R Introduction to Selected Topics
https://ssc.wisc.edu/sscc/pubs/R_intro/book/3-3-data-frames.html,3.3 Data frames | R Introduction to Selected Topics
https://ssc.wisc.edu/sscc/pubs/R_intro/book/3-4-pipe-operator.html,3.4 Pipe operator | R Introduction to Selected Topics
https://ssc.wisc.edu/sscc/pubs/R_intro/book/3-5-column-index.html,3.5 Column index | R Introduction to Selected Topics
https://ssc.wisc.edu/sscc/pubs/R_intro/book/3-6-creatingchanging-variables.html,3.6 Creating/changing variables | R Introduction to Selected Topics
https://ssc.wisc.edu/sscc/pubs/R_intro/book/3-7-summarizing-data-1.html,3.7 Summarizing data | R Introduction to Selected Topics
https://ssc.wisc.edu/sscc/pubs/R_intro/book/3-8-selecting-rows.html,3.8 Selecting rows | R Introduction to Selected Topics
https://ssc.wisc.edu/sscc/pubs/R_intro/book/3-9-working-with-groups.html,3.9 Working with groups | R Introduction to Selected Topics
https://ssc.wisc.edu/sscc/pubs/R_intro/book/3-data-wrangling.html,3 Data Wrangling | R Introduction to Selected Topics
https://ssc.wisc.edu/sscc/pubs/R_intro/book/4-1-overview-3.html,4.1 Overview | R Introduction to Selected Topics
https://ssc.wisc.edu/sscc/pubs/R_intro/book/4-2-specifying-a-model.html,4.2 Specifying a model | R Introduction to Selected Topics
https://ssc.wisc.edu/sscc/pubs/R_intro/book/4-3-running-regressions.html,4.3 Running regressions | R Introduction to Selected Topics
https://ssc.wisc.edu/sscc/pubs/R_intro/book/4-4-variable-selection-functions.html,4.4 Variable selection functions | R Introduction to Selected Topics
https://ssc.wisc.edu/sscc/pubs/R_intro/book/4-5-diagnostics.html,4.5 Diagnostics | R Introduction to Selected Topics
https://ssc.wisc.edu/sscc/pubs/R_intro/book/4-6-results.html,4.6 Results | R Introduction to Selected Topics
https://ssc.wisc.edu/sscc/pubs/R_intro/book/4-regression.html,4 Regression | R Introduction to Selected Topics
https://ssc.wisc.edu/sscc/pubs/R_intro/book/preface.html,R Introduction to Selected Topics
https://ssc.wisc.edu/sscc/pubs/RegressionDiagnostics.html,Regression Diagnostics
https://ssc.wisc.edu/sscc/pubs/allpubs.htm,All SSCC Knowledge Base Articles
https://ssc.wisc.edu/sscc/pubs/apps.htm,Articles on Applications
https://ssc.wisc.edu/sscc/pubs/bigsas.htm,Running Large SAS Jobs on Linstat
https://ssc.wisc.edu/sscc/pubs/bookmarks.htm,Importing Bookmarks/Favorites into Chrome
https://ssc.wisc.edu/sscc/pubs/computing_resources.htm,Computing Resources at the SSCC
https://ssc.wisc.edu/sscc/pubs/convert_sas_formats.htm,Converting SAS Formats from 32-Bit to 64-Bit
https://ssc.wisc.edu/sscc/pubs/data_entry_excel.htm,Using Excel for Data Entry
https://ssc.wisc.edu/sscc/pubs/disk.htm,Network Disk Space at the SSCC 
https://ssc.wisc.edu/sscc/pubs/diskfromlinux.htm,Using SSCC Network Disk Space from Personal Linux Computers
https://ssc.wisc.edu/sscc/pubs/diskfrommac.htm,Using SSCC Network Disk Space from a Mac
https://ssc.wisc.edu/sscc/pubs/dws/data_wrangling_stata1.htm,Data Wrangling in Stata: Review
https://ssc.wisc.edu/sscc/pubs/dws/data_wrangling_stata2.htm,Data Wrangling in Stata: Reading in Data
https://ssc.wisc.edu/sscc/pubs/dws/data_wrangling_stata3.htm,Data Wrangling in Stata: First Steps With Your Data
https://ssc.wisc.edu/sscc/pubs/dws/data_wrangling_stata4.htm,Data Wrangling in Stata: Variable Transformations
https://ssc.wisc.edu/sscc/pubs/dws/data_wrangling_stata5.htm,Data Wrangling in Stata: Hierarchical Data
https://ssc.wisc.edu/sscc/pubs/dws/data_wrangling_stata6.htm,Data Wrangling in Stata: Restructuring Data Sets
https://ssc.wisc.edu/sscc/pubs/dws/data_wrangling_stata7.htm,Data Wrangling in Stata: Combining Data Sets
https://ssc.wisc.edu/sscc/pubs/dws/data_wrangling_stata8.htm,Data Wrangling in Stata: Project Management
https://ssc.wisc.edu/sscc/pubs/dws/data_wrangling_stata9.htm,Data Wrangling in Stata: Learning More
https://ssc.wisc.edu/sscc/pubs/email.htm,Articles on E-mail and Email Lists
https://ssc.wisc.edu/sscc/pubs/files/HTMLSample.htm,HTML Sample
https://ssc.wisc.edu/sscc/pubs/flash.htm,Using SSCC's HPC cluster
https://ssc.wisc.edu/sscc/pubs/goprint.htm,Paying for Printing in the SSCC Labs
https://ssc.wisc.edu/sscc/pubs/home.htm,SSCC Knowledge Base
https://ssc.wisc.edu/sscc/pubs/intro_stata/intro_stata1.htm,Introduction to Stata: Using Stata
https://ssc.wisc.edu/sscc/pubs/intro_stata/intro_stata2.htm,Introduction to Stata: Structure of a Data Set
https://ssc.wisc.edu/sscc/pubs/intro_stata/intro_stata3.htm,Introduction to Stata: Elements of Stata Syntax
https://ssc.wisc.edu/sscc/pubs/intro_stata/intro_stata4.htm,Introduction to Stata: Do Files
https://ssc.wisc.edu/sscc/pubs/intro_stata/intro_stata5.htm,Introduction to Stata: Statistics
https://ssc.wisc.edu/sscc/pubs/intro_stata/intro_stata6.htm,Introduction to Stata: Creating and Changing Variables
https://ssc.wisc.edu/sscc/pubs/linstat.htm,Using Linstat
https://ssc.wisc.edu/sscc/pubs/linstat_from_mac.htm,Connecting to Linstat from a Mac
https://ssc.wisc.edu/sscc/pubs/linstat_google_auth.htm,Configuring Google Authenticator to Log in to Linstat
https://ssc.wisc.edu/sscc/pubs/linstat_jobs.htm,Managing Jobs on Linstat
https://ssc.wisc.edu/sscc/pubs/linstat_outside_us.htm,Connecting to Linstat from Outside the Madison Area
https://ssc.wisc.edu/sscc/pubs/linstat_public_key.htm,Configuring a Public/Private Key Pair to Log into Linstat
https://ssc.wisc.edu/sscc/pubs/linux.htm,Articles on Using Linux
https://ssc.wisc.edu/sscc/pubs/linux_disk_space.htm,Managing Disk Space in Linux
https://ssc.wisc.edu/sscc/pubs/linuxos.htm,Getting Started in Linux
https://ssc.wisc.edu/sscc/pubs/mac.htm,Articles on Using OS X
https://ssc.wisc.edu/sscc/pubs/mplus_linstat.htm,Running Mplus Jobs on Linstat
https://ssc.wisc.edu/sscc/pubs/newusers.htm,Articles for New Users
https://ssc.wisc.edu/sscc/pubs/nvivo.htm,Using NVivo on Winstat
https://ssc.wisc.edu/sscc/pubs/office2013.htm,Upgrading to Office 2013 using SSCC's Software Center
https://ssc.wisc.edu/sscc/pubs/pbnm/pbnmInstall.html,Installing the pbnm Package
https://ssc.wisc.edu/sscc/pubs/pc_sec.htm,SSCC - Social Science Computing Cooperative
https://ssc.wisc.edu/sscc/pubs/print.htm,Articles on Printing
https://ssc.wisc.edu/sscc/pubs/printfromlinux.htm,Using SSCC Network Printers from Personal Linux Computers
https://ssc.wisc.edu/sscc/pubs/printfrommac.htm,Using SSCC Printers from Macs
https://ssc.wisc.edu/sscc/pubs/python_linstat.htm,Running Python on Linstat
https://ssc.wisc.edu/sscc/pubs/python_packages_winstat.htm,Installing Python Packages on Winstat
https://ssc.wisc.edu/sscc/pubs/r-install.htm,Installing R on Your Personal Computer
https://ssc.wisc.edu/sscc/pubs/r-packages.htm,Using R Packages on SSCC Linux Servers
https://ssc.wisc.edu/sscc/pubs/readhtml.htm,Stata Tools for Reading Data from Web Page
https://ssc.wisc.edu/sscc/pubs/records.htm,Open Records and SSCC Email
https://ssc.wisc.edu/sscc/pubs/remote.htm,Articles on Remote Computing
https://ssc.wisc.edu/sscc/pubs/remote_desktop.htm,Connecting to Your Office Computer Using Remote Desktop (Windows)
https://ssc.wisc.edu/sscc/pubs/researchdrive.htm,Using ResearchDrive
https://ssc.wisc.edu/sscc/pubs/sas_excel.htm,SAS and Excel Files on Winstat
https://ssc.wisc.edu/sscc/pubs/sas_launch.htm,Launching SAS Files from Windows Explorer
https://ssc.wisc.edu/sscc/pubs/sas_output.htm,Managing Output in SAS 9.3
https://ssc.wisc.edu/sscc/pubs/screen_sharing.htm,Connecting to Your Office Computer Using Screen Sharing (Mac)
https://ssc.wisc.edu/sscc/pubs/sfr-combine.htm,Stata for Researchers: Combining Data Sets 
https://ssc.wisc.edu/sscc/pubs/sfr-data.htm,Stata for Researchers: Working With Data
https://ssc.wisc.edu/sscc/pubs/sfr-do.htm,Stata for Researchers: Do Files
https://ssc.wisc.edu/sscc/pubs/sfr-graphics.htm,SSCC - Social Science Computing Cooperative
https://ssc.wisc.edu/sscc/pubs/sfr-groups.htm,Stata for Researchers: Working with Groups
https://ssc.wisc.edu/sscc/pubs/sfr-hier.htm,Stata for Researchers: Hierarchical Data
https://ssc.wisc.edu/sscc/pubs/sfr-intro.htm,Stata for Researchers: Introduction
https://ssc.wisc.edu/sscc/pubs/sfr-learning.htm,Stata for Researchers: Learning More
https://ssc.wisc.edu/sscc/pubs/sfr-projects.htm,Stata for Researchers: Do Files and Project Management
https://ssc.wisc.edu/sscc/pubs/sfr-stats.htm,Stata for Researchers: Statistics
https://ssc.wisc.edu/sscc/pubs/sfr-syntax.htm,Stata for Researchers: Usage and Syntax
https://ssc.wisc.edu/sscc/pubs/sfr/soln_combine1.htm,Solution
https://ssc.wisc.edu/sscc/pubs/sfr/soln_combine2.htm,Solution
https://ssc.wisc.edu/sscc/pubs/sfr/soln_combine3.htm,Solution
https://ssc.wisc.edu/sscc/pubs/sfr/soln_data1.htm,Solution
https://ssc.wisc.edu/sscc/pubs/sfr/soln_data2.htm,Solution
https://ssc.wisc.edu/sscc/pubs/sfr/soln_data3.htm,Solution
https://ssc.wisc.edu/sscc/pubs/sfr/soln_data4.htm,Solution
https://ssc.wisc.edu/sscc/pubs/sfr/soln_data5.htm,Solution
https://ssc.wisc.edu/sscc/pubs/sfr/soln_groups_by1.htm,Solution
https://ssc.wisc.edu/sscc/pubs/sfr/soln_groups_by2.htm,Solution
https://ssc.wisc.edu/sscc/pubs/sfr/soln_groups_by3.htm,Solution
https://ssc.wisc.edu/sscc/pubs/sfr/soln_groups_checks1.htm,Solution
https://ssc.wisc.edu/sscc/pubs/sfr/soln_groups_checks2.htm,Solution
https://ssc.wisc.edu/sscc/pubs/sfr/soln_groups_spell1.htm,Solution
https://ssc.wisc.edu/sscc/pubs/sfr/soln_groups_spell2.htm,Solution
https://ssc.wisc.edu/sscc/pubs/sfr/soln_groups_spell3.htm,Solution
https://ssc.wisc.edu/sscc/pubs/sfr/soln_groups_subscripts1.htm,Solution
https://ssc.wisc.edu/sscc/pubs/sfr/soln_groups_subscripts2.htm,Solution
https://ssc.wisc.edu/sscc/pubs/sfr/soln_hier2.htm,Solution
https://ssc.wisc.edu/sscc/pubs/sfr/soln_stats_cat1.htm,Solution
https://ssc.wisc.edu/sscc/pubs/sfr/soln_stats_cat2.htm,Solution
https://ssc.wisc.edu/sscc/pubs/sfr/soln_stats_desc1.htm,Solution
https://ssc.wisc.edu/sscc/pubs/sfr/soln_stats_desc3.htm,Solution
https://ssc.wisc.edu/sscc/pubs/sfr/soln_stats_reg1.htm,Solution
https://ssc.wisc.edu/sscc/pubs/sfr/soln_stats_res1.htm,Solution
https://ssc.wisc.edu/sscc/pubs/sfr/soln_syntax_by.htm,Solution
https://ssc.wisc.edu/sscc/pubs/sfr/soln_syntax_if_1.htm,Solution
https://ssc.wisc.edu/sscc/pubs/sfr/soln_syntax_if_2.htm,Solution
https://ssc.wisc.edu/sscc/pubs/sfr/soln_syntax_if_3.htm,Solution
https://ssc.wisc.edu/sscc/pubs/sfr/soln_syntax_varlists_1.htm,Solution
https://ssc.wisc.edu/sscc/pubs/sfr/soln_syntax_varlists_2.htm,Solution
https://ssc.wisc.edu/sscc/pubs/sfs/home.htm,Stata for Students
https://ssc.wisc.edu/sscc/pubs/sfs/sfs-bargraph.htm,Stata for Students: Bar Graphs
https://ssc.wisc.edu/sscc/pubs/sfs/sfs-ci.htm,Stata for Students: Means and Confidence Intervals
https://ssc.wisc.edu/sscc/pubs/sfs/sfs-comments.htm,Comments and Other Readability Tools for Do Files
https://ssc.wisc.edu/sscc/pubs/sfs/sfs-cor.htm,Stata for Students: Correlations
https://ssc.wisc.edu/sscc/pubs/sfs/sfs-data.htm,Stata for Students: Stata Data Sets
https://ssc.wisc.edu/sscc/pubs/sfs/sfs-describe.htm,Stata for Students: Describe
https://ssc.wisc.edu/sscc/pubs/sfs/sfs-descriptives.htm,Stata for Students: tabulate
https://ssc.wisc.edu/sscc/pubs/sfs/sfs-do_files.htm,Stata for Students: Doing Your Work Using Do Files
https://ssc.wisc.edu/sscc/pubs/sfs/sfs-econ310.htm,Stata for Students: Economics 310
https://ssc.wisc.edu/sscc/pubs/sfs/sfs-econ410.htm,Stata for Students: Economics 310
https://ssc.wisc.edu/sscc/pubs/sfs/sfs-files.htm,Stata for Students: Managing Stata Files
https://ssc.wisc.edu/sscc/pubs/sfs/sfs-graphs.htm,Stata for Students: Using Graphs
https://ssc.wisc.edu/sscc/pubs/sfs/sfs-hist.htm,Stata for Students: Histograms
https://ssc.wisc.edu/sscc/pubs/sfs/sfs-import.htm,Stata for Students: Reading Data from a Spreadsheet or Text File
https://ssc.wisc.edu/sscc/pubs/sfs/sfs-prtest.htm,Stata for Students: Proportion Tests
https://ssc.wisc.edu/sscc/pubs/sfs/sfs-qualtrics.htm,Downloading Data from Qualtrics and Importing it into Stata
https://ssc.wisc.edu/sscc/pubs/sfs/sfs-scatter.htm,Stata for Students: Scatterplots
https://ssc.wisc.edu/sscc/pubs/sfs/sfs-soc357.htm,Stata for Students: Sociology 357
https://ssc.wisc.edu/sscc/pubs/sfs/sfs-soc360.htm,Stata for Students: Sociology 357
https://ssc.wisc.edu/sscc/pubs/sfs/sfs-syntax.htm,Stata for Students: How Stata Commands Work
https://ssc.wisc.edu/sscc/pubs/sfs/sfs-ttest.htm,Stata for Students: t-tests
https://ssc.wisc.edu/sscc/pubs/sfs/sfs-ui.htm,Stata for Students: Stata's User Interface
https://ssc.wisc.edu/sscc/pubs/sfs/sfs-vars.htm,Stata for Students: Creating Variables and Labels
https://ssc.wisc.edu/sscc/pubs/sfs/sfs-where.htm,Stata for Students: Running Stata
https://ssc.wisc.edu/sscc/pubs/silo.htm,Using Silo
https://ssc.wisc.edu/sscc/pubs/softwarecenter.htm,Installing New Software using Software Center
https://ssc.wisc.edu/sscc/pubs/spss/Linux/7-18.html,Running SPSS Jobs on Linux
https://ssc.wisc.edu/sscc/pubs/spss/Linux/carlinux.html,carlinux.html
https://ssc.wisc.edu/sscc/pubs/spss/Windows/Extension_bundles.html,SPSS Extension Bundles in the SSCC
https://ssc.wisc.edu/sscc/pubs/spss/Windows/SPSS_Syntax.html,SPSS Syntax
https://ssc.wisc.edu/sscc/pubs/spss/classintro/spss_students1.html,SPSS for the Classroom: the Basics
https://ssc.wisc.edu/sscc/pubs/spss/classintro/spss_students2.html,SPSS for the Classroom: Statistics and Graphs
https://ssc.wisc.edu/sscc/pubs/stat.htm,Articles on Statistical Computing
https://ssc.wisc.edu/sscc/pubs/stata_bar_graphs.htm,Bar Graphs in Stata
https://ssc.wisc.edu/sscc/pubs/stata_dates.htm,Working with Dates in Stata
https://ssc.wisc.edu/sscc/pubs/stata_margins.htm,Exploring Regression Results using Margins
https://ssc.wisc.edu/sscc/pubs/stata_memory.htm,Reducing Stata's Memory Usage
https://ssc.wisc.edu/sscc/pubs/stata_mi_condor.htm,Speeding up Multiple Imputation in Stata using Parallel Processing
https://ssc.wisc.edu/sscc/pubs/stata_mi_decide.htm,Multiple Imputation in Stata:
https://ssc.wisc.edu/sscc/pubs/stata_mi_estimate.htm,Multiple Imputation in Stata: Estimating
https://ssc.wisc.edu/sscc/pubs/stata_mi_ex.htm,Multiple Imputation Examples
https://ssc.wisc.edu/sscc/pubs/stata_mi_impute.htm,Multiple Imputation in Stata: Imputing
https://ssc.wisc.edu/sscc/pubs/stata_mi_impute_log.htm,Multiple Imputation in Stata: Imputation Log File
https://ssc.wisc.edu/sscc/pubs/stata_mi_intro.htm,Multiple Imputation in Stata
https://ssc.wisc.edu/sscc/pubs/stata_mi_manage.htm,Multiple Imputation in Stata: Managing Multiply Imputed Data
https://ssc.wisc.edu/sscc/pubs/stata_mi_models.htm,Multiple Imputation in Stata
https://ssc.wisc.edu/sscc/pubs/stata_mi_readings.htm,Multiple Imputation in Stata: Recommended Readings
https://ssc.wisc.edu/sscc/pubs/stata_mp.htm,Running Stata MP at the SSCC
https://ssc.wisc.edu/sscc/pubs/stata_panel.htm,Stata Programming Techniques for Panel Data in Stata
https://ssc.wisc.edu/sscc/pubs/stata_prog1.htm,Stata Programming Essentials
https://ssc.wisc.edu/sscc/pubs/stata_prog2.htm,Stata Programming Tools
https://ssc.wisc.edu/sscc/pubs/stata_psmatch.htm,Propensity Score Matching in Stata using teffects
https://ssc.wisc.edu/sscc/pubs/stata_tables.htm,Creating Publication-Quality Tables in Stata
https://ssc.wisc.edu/sscc/pubs/statahelp.htm,Search Stata's Online Help
https://ssc.wisc.edu/sscc/pubs/termserv.htm,Articles on Using Winstat
https://ssc.wisc.edu/sscc/pubs/vpn.htm,Connecting to the SSCC Network via VPN
https://ssc.wisc.edu/sscc/pubs/web.htm,Publications about the Web
https://ssc.wisc.edu/sscc/pubs/welcome.htm,Welcome to the SSCC!
https://ssc.wisc.edu/sscc/pubs/welcomelab.htm,Welcome to the SSCC!
https://ssc.wisc.edu/sscc/pubs/windows.htm,Articles on Using Windows
https://ssc.wisc.edu/sscc/pubs/winstat.htm,Using Winstat
https://ssc.wisc.edu/sscc/pubs/winstat_chrome.htm,Connecting to Winstat using Chrome
https://ssc.wisc.edu/sscc/pubs/winstat_firefox.htm,Winstat Solutions: Connecting Using Firefox
https://ssc.wisc.edu/sscc/pubs/winstat_fonts.htm,SSCC - Social Science Computing Cooperative
https://ssc.wisc.edu/sscc/pubs/wisclist.htm,Using WiscList
https://ssc.wisc.edu/sscc/pubs/wordpress.htm,Getting Started with WordPress
https://ssc.wisc.edu/sscc/pubs/working_from_home.htm,Working From Home or Elsewhere Off-Campus
https://ssc.wisc.edu/sscc/pubs/wp_word.htm,Opening WordPerfect Documents using Word
https://ssc.wisc.edu/sscc/pubs/writencite.htm,SSCC - Social Science Computing Cooperative
https://ssc.wisc.edu/sscc/resources.htm,Resources
https://ssc.wisc.edu/sscc/resources/members.htm,Resources for SSCC Members
https://ssc.wisc.edu/sscc/resources/newmembers.htm,Resources for New Members
https://ssc.wisc.edu/sscc/resources/sensitive_data.htm,Resources for Working with Sensitive Data
https://ssc.wisc.edu/sscc/resources/visitors.htm,Resources for Visitors
https://ssc.wisc.edu/sscc/ssccnews/3218.html,
https://ssc.wisc.edu/sscc/ssccnews/64bit.htm,
https://ssc.wisc.edu/sscc/ssccnews/access.htm,
https://ssc.wisc.edu/sscc/ssccnews/antivirus.htm,
https://ssc.wisc.edu/sscc/ssccnews/apr01.htm,
https://ssc.wisc.edu/sscc/ssccnews/apr02.htm,
https://ssc.wisc.edu/sscc/ssccnews/apr03.htm,
https://ssc.wisc.edu/sscc/ssccnews/apr04.htm,
https://ssc.wisc.edu/sscc/ssccnews/apr05.htm,
https://ssc.wisc.edu/sscc/ssccnews/apr06.htm,
https://ssc.wisc.edu/sscc/ssccnews/apr07.htm,
https://ssc.wisc.edu/sscc/ssccnews/apr08.htm,
https://ssc.wisc.edu/sscc/ssccnews/apr09.htm,
https://ssc.wisc.edu/sscc/ssccnews/apr10.htm,
https://ssc.wisc.edu/sscc/ssccnews/apr11.htm,
https://ssc.wisc.edu/sscc/ssccnews/apr14.htm,
https://ssc.wisc.edu/sscc/ssccnews/apr15.htm,
https://ssc.wisc.edu/sscc/ssccnews/apr19.htm,
https://ssc.wisc.edu/sscc/ssccnews/aug01.htm,
https://ssc.wisc.edu/sscc/ssccnews/aug02.htm,
https://ssc.wisc.edu/sscc/ssccnews/aug03.htm,
https://ssc.wisc.edu/sscc/ssccnews/aug04.htm,
https://ssc.wisc.edu/sscc/ssccnews/aug05.htm,
https://ssc.wisc.edu/sscc/ssccnews/aug06.htm,
https://ssc.wisc.edu/sscc/ssccnews/aug07.htm,
https://ssc.wisc.edu/sscc/ssccnews/aug08.htm,
https://ssc.wisc.edu/sscc/ssccnews/aug09.htm,
https://ssc.wisc.edu/sscc/ssccnews/aug10.htm,
https://ssc.wisc.edu/sscc/ssccnews/aug11.htm,
https://ssc.wisc.edu/sscc/ssccnews/aug12.htm,
https://ssc.wisc.edu/sscc/ssccnews/aug13.htm,
https://ssc.wisc.edu/sscc/ssccnews/aug14.htm,
https://ssc.wisc.edu/sscc/ssccnews/aug15.htm,
https://ssc.wisc.edu/sscc/ssccnews/aug16.htm,
https://ssc.wisc.edu/sscc/ssccnews/aug17.htm,
https://ssc.wisc.edu/sscc/ssccnews/aug18.htm,
https://ssc.wisc.edu/sscc/ssccnews/aug19.htm,
https://ssc.wisc.edu/sscc/ssccnews/buildingnetwork.htm,
https://ssc.wisc.edu/sscc/ssccnews/dec00.htm,
https://ssc.wisc.edu/sscc/ssccnews/dec01.htm,
https://ssc.wisc.edu/sscc/ssccnews/dec02.htm,
https://ssc.wisc.edu/sscc/ssccnews/dec03.htm,
https://ssc.wisc.edu/sscc/ssccnews/dec04.htm,
https://ssc.wisc.edu/sscc/ssccnews/dec06.htm,
https://ssc.wisc.edu/sscc/ssccnews/dec07.htm,
https://ssc.wisc.edu/sscc/ssccnews/dec08.htm,
https://ssc.wisc.edu/sscc/ssccnews/dec09.htm,
https://ssc.wisc.edu/sscc/ssccnews/dec10.htm,
https://ssc.wisc.edu/sscc/ssccnews/dec11.htm,
https://ssc.wisc.edu/sscc/ssccnews/dec12.htm,
https://ssc.wisc.edu/sscc/ssccnews/dec13.htm,
https://ssc.wisc.edu/sscc/ssccnews/dec16.htm,
https://ssc.wisc.edu/sscc/ssccnews/dec19.htm,
https://ssc.wisc.edu/sscc/ssccnews/dec99.htm,
https://ssc.wisc.edu/sscc/ssccnews/falcon.htm,
https://ssc.wisc.edu/sscc/ssccnews/feb00.htm,
https://ssc.wisc.edu/sscc/ssccnews/feb01.htm,
https://ssc.wisc.edu/sscc/ssccnews/feb02.htm,
https://ssc.wisc.edu/sscc/ssccnews/feb03.htm,
https://ssc.wisc.edu/sscc/ssccnews/feb04.htm,
https://ssc.wisc.edu/sscc/ssccnews/feb05.htm,
https://ssc.wisc.edu/sscc/ssccnews/feb06.htm,
https://ssc.wisc.edu/sscc/ssccnews/feb07.htm,
https://ssc.wisc.edu/sscc/ssccnews/feb08.htm,
https://ssc.wisc.edu/sscc/ssccnews/feb09.htm,
https://ssc.wisc.edu/sscc/ssccnews/feb10.htm,
https://ssc.wisc.edu/sscc/ssccnews/feb11.htm,
https://ssc.wisc.edu/sscc/ssccnews/feb13.htm,
https://ssc.wisc.edu/sscc/ssccnews/feb14.htm,
https://ssc.wisc.edu/sscc/ssccnews/feb19.htm,
https://ssc.wisc.edu/sscc/ssccnews/home.htm,SSCC News
https://ssc.wisc.edu/sscc/ssccnews/inbox.htm,
https://ssc.wisc.edu/sscc/ssccnews/jan00.htm,
https://ssc.wisc.edu/sscc/ssccnews/jan01.htm,
https://ssc.wisc.edu/sscc/ssccnews/jan02.htm,
https://ssc.wisc.edu/sscc/ssccnews/jan03.htm,
https://ssc.wisc.edu/sscc/ssccnews/jan04.htm,
https://ssc.wisc.edu/sscc/ssccnews/jan05.htm,
https://ssc.wisc.edu/sscc/ssccnews/jan06.htm,
https://ssc.wisc.edu/sscc/ssccnews/jan07.htm,
https://ssc.wisc.edu/sscc/ssccnews/jan08.htm,
https://ssc.wisc.edu/sscc/ssccnews/jan09.htm,
https://ssc.wisc.edu/sscc/ssccnews/jan10.htm,
https://ssc.wisc.edu/sscc/ssccnews/jan11.htm,
https://ssc.wisc.edu/sscc/ssccnews/jan12.htm,
https://ssc.wisc.edu/sscc/ssccnews/jan13.htm,
https://ssc.wisc.edu/sscc/ssccnews/jan14.htm,
https://ssc.wisc.edu/sscc/ssccnews/jan15.htm,
https://ssc.wisc.edu/sscc/ssccnews/jan16.htm,
https://ssc.wisc.edu/sscc/ssccnews/jan17.htm,
https://ssc.wisc.edu/sscc/ssccnews/jan18.htm,
https://ssc.wisc.edu/sscc/ssccnews/jan1806.htm,
https://ssc.wisc.edu/sscc/ssccnews/jan19.htm,
https://ssc.wisc.edu/sscc/ssccnews/jan20.htm,
https://ssc.wisc.edu/sscc/ssccnews/jul00.htm,
https://ssc.wisc.edu/sscc/ssccnews/jul02.htm,
https://ssc.wisc.edu/sscc/ssccnews/jul06.htm,
https://ssc.wisc.edu/sscc/ssccnews/jul07.htm,
https://ssc.wisc.edu/sscc/ssccnews/jul08.htm,
https://ssc.wisc.edu/sscc/ssccnews/jul12.htm,
https://ssc.wisc.edu/sscc/ssccnews/jul14.htm,
https://ssc.wisc.edu/sscc/ssccnews/jul15.htm,
https://ssc.wisc.edu/sscc/ssccnews/jul16.htm,
https://ssc.wisc.edu/sscc/ssccnews/jul17.htm,
https://ssc.wisc.edu/sscc/ssccnews/jul18.htm,
https://ssc.wisc.edu/sscc/ssccnews/jun00.htm,
https://ssc.wisc.edu/sscc/ssccnews/jun01.htm,
https://ssc.wisc.edu/sscc/ssccnews/jun02.htm,
https://ssc.wisc.edu/sscc/ssccnews/jun03.htm,
https://ssc.wisc.edu/sscc/ssccnews/jun04.htm,
https://ssc.wisc.edu/sscc/ssccnews/jun05.htm,
https://ssc.wisc.edu/sscc/ssccnews/jun07.htm,
https://ssc.wisc.edu/sscc/ssccnews/jun08.htm,
https://ssc.wisc.edu/sscc/ssccnews/jun09.htm,
https://ssc.wisc.edu/sscc/ssccnews/jun10.htm,
https://ssc.wisc.edu/sscc/ssccnews/jun11.htm,
https://ssc.wisc.edu/sscc/ssccnews/jun12.htm,
https://ssc.wisc.edu/sscc/ssccnews/jun13.htm,
https://ssc.wisc.edu/sscc/ssccnews/jun14.htm,
https://ssc.wisc.edu/sscc/ssccnews/jun19.htm,
https://ssc.wisc.edu/sscc/ssccnews/linstat.htm,
https://ssc.wisc.edu/sscc/ssccnews/linuxgroups.htm,
https://ssc.wisc.edu/sscc/ssccnews/mar00.htm,
https://ssc.wisc.edu/sscc/ssccnews/mar01.htm,
https://ssc.wisc.edu/sscc/ssccnews/mar02.htm,
https://ssc.wisc.edu/sscc/ssccnews/mar03.htm,
https://ssc.wisc.edu/sscc/ssccnews/mar04.htm,
https://ssc.wisc.edu/sscc/ssccnews/mar05.htm,
https://ssc.wisc.edu/sscc/ssccnews/mar06.htm,
https://ssc.wisc.edu/sscc/ssccnews/mar07.htm,
https://ssc.wisc.edu/sscc/ssccnews/mar08.htm,
https://ssc.wisc.edu/sscc/ssccnews/mar09.htm,
https://ssc.wisc.edu/sscc/ssccnews/mar11.htm,
https://ssc.wisc.edu/sscc/ssccnews/mar12.htm,
https://ssc.wisc.edu/sscc/ssccnews/mar13.htm,
https://ssc.wisc.edu/sscc/ssccnews/mar14.htm,
https://ssc.wisc.edu/sscc/ssccnews/mar15.htm,
https://ssc.wisc.edu/sscc/ssccnews/mar16.htm,
https://ssc.wisc.edu/sscc/ssccnews/mar17.htm,
https://ssc.wisc.edu/sscc/ssccnews/mar18.htm,
https://ssc.wisc.edu/sscc/ssccnews/mar20.htm,
https://ssc.wisc.edu/sscc/ssccnews/mar2000.htm,
https://ssc.wisc.edu/sscc/ssccnews/mar2001.htm,
https://ssc.wisc.edu/sscc/ssccnews/may00.htm,
https://ssc.wisc.edu/sscc/ssccnews/may01.htm,
https://ssc.wisc.edu/sscc/ssccnews/may02.htm,
https://ssc.wisc.edu/sscc/ssccnews/may03.htm,
https://ssc.wisc.edu/sscc/ssccnews/may04.htm,
https://ssc.wisc.edu/sscc/ssccnews/may05.htm,
https://ssc.wisc.edu/sscc/ssccnews/may06.htm,
https://ssc.wisc.edu/sscc/ssccnews/may07.htm,
https://ssc.wisc.edu/sscc/ssccnews/may08.htm,
https://ssc.wisc.edu/sscc/ssccnews/may09.htm,
https://ssc.wisc.edu/sscc/ssccnews/may10.htm,
https://ssc.wisc.edu/sscc/ssccnews/may11.htm,
https://ssc.wisc.edu/sscc/ssccnews/may12.htm,
https://ssc.wisc.edu/sscc/ssccnews/may13.htm,
https://ssc.wisc.edu/sscc/ssccnews/may14.htm,
https://ssc.wisc.edu/sscc/ssccnews/may15.htm,
https://ssc.wisc.edu/sscc/ssccnews/may16.htm,
https://ssc.wisc.edu/sscc/ssccnews/may17.htm,
https://ssc.wisc.edu/sscc/ssccnews/may18.htm,
https://ssc.wisc.edu/sscc/ssccnews/may20.htm,
https://ssc.wisc.edu/sscc/ssccnews/merge.htm,
https://ssc.wisc.edu/sscc/ssccnews/netreg_announce.htm,
https://ssc.wisc.edu/sscc/ssccnews/new_winstats.html,
https://ssc.wisc.edu/sscc/ssccnews/newdevice.htm,
https://ssc.wisc.edu/sscc/ssccnews/nov00.htm,
https://ssc.wisc.edu/sscc/ssccnews/nov01.htm,
https://ssc.wisc.edu/sscc/ssccnews/nov02.htm,
https://ssc.wisc.edu/sscc/ssccnews/nov03.htm,
https://ssc.wisc.edu/sscc/ssccnews/nov04.htm,
https://ssc.wisc.edu/sscc/ssccnews/nov05.htm,
https://ssc.wisc.edu/sscc/ssccnews/nov06.htm,
https://ssc.wisc.edu/sscc/ssccnews/nov08.htm,
https://ssc.wisc.edu/sscc/ssccnews/nov09.htm,
https://ssc.wisc.edu/sscc/ssccnews/nov10.htm,
https://ssc.wisc.edu/sscc/ssccnews/nov11.htm,
https://ssc.wisc.edu/sscc/ssccnews/nov12.htm,
https://ssc.wisc.edu/sscc/ssccnews/nov14.htm,
https://ssc.wisc.edu/sscc/ssccnews/nov15.htm,
https://ssc.wisc.edu/sscc/ssccnews/nov18.htm,
https://ssc.wisc.edu/sscc/ssccnews/nov99.htm,
https://ssc.wisc.edu/sscc/ssccnews/oct00.htm,
https://ssc.wisc.edu/sscc/ssccnews/oct01.htm,
https://ssc.wisc.edu/sscc/ssccnews/oct02.htm,
https://ssc.wisc.edu/sscc/ssccnews/oct03.htm,
https://ssc.wisc.edu/sscc/ssccnews/oct04.htm,
https://ssc.wisc.edu/sscc/ssccnews/oct05.htm,
https://ssc.wisc.edu/sscc/ssccnews/oct06.htm,
https://ssc.wisc.edu/sscc/ssccnews/oct07.htm,
https://ssc.wisc.edu/sscc/ssccnews/oct08.htm,
https://ssc.wisc.edu/sscc/ssccnews/oct09.htm,
https://ssc.wisc.edu/sscc/ssccnews/oct10.htm,
https://ssc.wisc.edu/sscc/ssccnews/oct11.htm,
https://ssc.wisc.edu/sscc/ssccnews/oct12.htm,
https://ssc.wisc.edu/sscc/ssccnews/oct13.htm,
https://ssc.wisc.edu/sscc/ssccnews/oct14.htm,
https://ssc.wisc.edu/sscc/ssccnews/oct17.htm,
https://ssc.wisc.edu/sscc/ssccnews/oct99.htm,
https://ssc.wisc.edu/sscc/ssccnews/reset.htm,
https://ssc.wisc.edu/sscc/ssccnews/sasconversion.htm,
https://ssc.wisc.edu/sscc/ssccnews/sep00.htm,
https://ssc.wisc.edu/sscc/ssccnews/sep01.htm,
https://ssc.wisc.edu/sscc/ssccnews/sep02.htm,
https://ssc.wisc.edu/sscc/ssccnews/sep03.htm,
https://ssc.wisc.edu/sscc/ssccnews/sep04.htm,
https://ssc.wisc.edu/sscc/ssccnews/sep05.htm,
https://ssc.wisc.edu/sscc/ssccnews/sep06.htm,
https://ssc.wisc.edu/sscc/ssccnews/sep07.htm,
https://ssc.wisc.edu/sscc/ssccnews/sep08.htm,
https://ssc.wisc.edu/sscc/ssccnews/sep09.htm,
https://ssc.wisc.edu/sscc/ssccnews/sep10.htm,
https://ssc.wisc.edu/sscc/ssccnews/sep11.htm,
https://ssc.wisc.edu/sscc/ssccnews/sep13.htm,
https://ssc.wisc.edu/sscc/ssccnews/sep15.htm,
https://ssc.wisc.edu/sscc/ssccnews/sep16.htm,
https://ssc.wisc.edu/sscc/ssccnews/sep18.htm,
https://ssc.wisc.edu/sscc/ssccnews/sep19.htm,
https://ssc.wisc.edu/sscc/ssccnews/serviceimpact.htm,
https://ssc.wisc.edu/sscc/ssccnews/spamassassin_changes.html,
https://ssc.wisc.edu/sscc/ssccnews/stat.htm,
https://ssc.wisc.edu/sscc/ssccnews/udrive.htm,
https://ssc.wisc.edu/sscc/ssccnews/unix_permissions.htm,
https://ssc.wisc.edu/sscc/ssccnews/upg.htm,
https://ssc.wisc.edu/sscc/ssccnews/wireless.htm,
https://ssc.wisc.edu/sscc/ssccnews/yr12.htm,
https://ssc.wisc.edu/sscc/ssccnews/yr2005.htm,
https://ssc.wisc.edu/sscc/ssccnews/yr2006.htm,
https://ssc.wisc.edu/sscc/ssccnews/yr2010.htm,
https://ssc.wisc.edu/sscc/staff/Arnold.htm,Andrew Arnold
https://ssc.wisc.edu/sscc/staff/Bongert.htm,Dan Bongert
https://ssc.wisc.edu/sscc/staff/Boyer.html,Paul Boyer
https://ssc.wisc.edu/sscc/staff/Dimond.htm,Russell Dimond
https://ssc.wisc.edu/sscc/staff/Gerhartz.htm,Cody Gerhartz
https://ssc.wisc.edu/sscc/staff/Heise.htm,Zach Heise
https://ssc.wisc.edu/sscc/staff/Karam.htm,Mitchell Karam
https://ssc.wisc.edu/sscc/staff/Tefft.htm,Caitlin Tefft
https://ssc.wisc.edu/sscc/staff/hemken.htm,Doug Hemken
https://ssc.wisc.edu/sscc/staff/home.htm,SSCC Staff
https://ssc.wisc.edu/sscc/staff/horrisberger.htm,Ryan Horrisberger
https://ssc.wisc.edu/sscc/statconsult.htm,SSCC Statistical Consulting
https://ssc.wisc.edu/sscc/tips/emailprivacy.htm,Remember: Email is not always private
https://ssc.wisc.edu/sscc/training/classroom.htm,Introduction to the Computer Classroom
https://ssc.wisc.edu/sscc/training/tbird.htm,
https://ssc.wisc.edu/sscc/training/wisccal.htm,
https://ssc.wisc.edu/sscc/winstat.htm,Connecting to Winstat
https://ssc.wisc.edu/sscc_jsp/account/activate.jsp,Enter Your SSCC Username and Activation Code
https://ssc.wisc.edu/sscc_jsp/account/lab.jsp,SSCC Computer Lab Access Request
https://ssc.wisc.edu/sscc_jsp/account/lab/activate.jsp,Enter Your SSCC Username and Activation Code
https://ssc.wisc.edu/sscc_jsp/account/new.jsp,Request an SSCC Account
https://ssc.wisc.edu/sscc_jsp/email/forward.jsp,Enter Your Username and Password
https://ssc.wisc.edu/sscc_jsp/email/pref.jsp,Enter Your Username and Password
https://ssc.wisc.edu/sscc_jsp/labrequest/index.jsp,Request Use of an SSCC Computer Lab
https://ssc.wisc.edu/sscc_jsp/password/questions.jsp,Enter Your Username and Password
https://ssc.wisc.edu/sscc_jsp/password/reset.jsp,Reset SSCC Password
https://ssc.wisc.edu/sscc_jsp/spssdocs.jsp,
https://ssc.wisc.edu/sscc_jsp/status.jsp,
https://ssc.wisc.edu/sscc_jsp/training/details.jsp?class_id=2575,Data Wrangling in R
https://ssc.wisc.edu/sscc_jsp/training/details.jsp?class_id=2576,Introduction to Stata
https://ssc.wisc.edu/sscc_jsp/training/details.jsp?class_id=2577,Data Wrangling In Stata
https://ssc.wisc.edu/sscc_jsp/training/details.jsp?class_id=2587,Linear Models (with Stata)
https://ssc.wisc.edu/sscc_jsp/training/details.jsp?class_id=2588,"Structural Equation Modeling, and Mediation (with Stata)"
https://ssc.wisc.edu/sscc_jsp/training/details.jsp?class_id=2589,Stata Workshop: Loops and Macros
https://ssc.wisc.edu/sscc_jsp/training/details.jsp?class_id=2590,Stata Workshop: Text Data
https://ssc.wisc.edu/sscc_jsp/training/details.jsp?class_id=2591,Stata Workshop: Dates
https://ssc.wisc.edu/sscc_jsp/training/details.jsp?class_id=2596,Data Wrangling in Python Study Group
https://ssc.wisc.edu/sscc_jsp/training/details.jsp?class_id=2610,Tools for Teaching Online
https://ssc.wisc.edu/sscc_jsp/training/index.jsp,SSCC Training Sessions - Spring 2020